Hash,Date,Author,Files Changed,Message
9c3476758b0d708fd2648d1783bc0f603b2d8305,Wed Nov 12 00:48:19 2025 +0300,Leonid Burygin,2,Update documentation of Horizontal Menu controls (#4197)
b4b5a5dbe62aedd0aa9abd3ded1c115af9e9e529,Mon Nov 3 15:21:04 2025 +0300,Leonid Burygin,2,Horizontal Menus/ Made pan half-cylinder 1px taller (#4191)
ce66b99ca0555ded3b9b3637c08c3ae7ee80ab1c,Mon Oct 27 01:23:41 2025 +0300,Leonid Burygin,4,Horizontal Menus/ More subtle sidechain ducking graphics (#4179)
59cad4eed7c7fe9d6f308506cc6c0d4d87db1916,Sun Oct 19 16:11:45 2025 -0400,Mark Adams,4,Clean up logs (#4155)
9d47f9cf36e155f95b25a722c313752606c1d062,Wed Oct 15 19:24:54 2025 -0400,Mark Adams,2,actually release fast for fast release (#4146)
878360a84f741fba64e612696de46fb5e47dea2b,Mon Oct 13 11:35:19 2025 -0500,Metamere,2,kit sound display name fixes (#4142)
e878f0cba3577ff0bd5f64acabc162700e53558d,Sat Oct 11 19:07:54 2025 +0300,Leonid Burygin,4,Horizontal Menus/ Do not show max value in the bar (#4134)
64691ac2462b138e0cb3d3bc0690d65f3c44cb20,Sat Oct 11 10:45:04 2025 -0400,Sean Ditny,2,Note row editor: Remove shift note editing requirement (#4128)
ddb9e054cb21f5cf4e95450fdae16206330a9512,Sat Oct 4 17:26:12 2025 +0300,Panu Matilainen,2,Fix looping sample playback regression (#3768) (#4109)
b33be56aeab91250a852789936fbd7020f097ca2,Mon Sep 29 16:04:59 2025 -0400,Mark Adams,3,"Revert ""Storage function to std::span (#3441)"" (#4099)"
9588165d9539c977d213a6c84053ee88b827332b,Sun Sep 28 00:59:11 2025 +0300,Leonid Burygin,3,Icons for osc tracking menu (#4096)
3ab54abcf38b1311c753f485650b7817999e9f6c,Sat Sep 27 14:41:32 2025 -0400,Sean Ditny,3,Add MIDI Devices page to Resources Section (#4093)
d9229864fd28adbb45e7ab72b347156e97c81665,Tue Sep 2 20:47:25 2025 -0500,Metamere,2,Manage display notification updates for parameter value changes from gold knob encoders (#4064)
63761cb6b6719c6b16ec7bf1ef6b5001daa61eb7,Thu Aug 28 08:50:16 2025 -0400,Sean Ditny,3,Bugfix velocity view note iterance editing (#4062)
610c4eb86a18e6f64484c73a8f92b0737ec72369,Fri Aug 15 15:10:57 2025 +0300,Leonid Burygin,2,Docs/ update documentation for horizontal menu and patch cable polarity controls (#4035)
ff71e85fed2236f79c611ae38271cc7a5bd697b1,Thu Aug 14 19:11:29 2025 +0300,Leonid Burygin,5,Horizontal menus/ Fix crash on switching to next menu if the menu has no relevant items (#4031)
fe1efef403307215ec2a4e9eb3233204c26dab17,Wed Aug 13 02:51:41 2025 -0400,Sean Ditny,2,Replace OLED mod encoder popups /w notifications (#4027)
677456bb4e5ab84da4e59d9b21cb3350c02b5fe7,Tue Aug 12 15:01:25 2025 +0300,Leonid Burygin,5,Horizontal Menus/ Fix audio clip sidechain values (#4023)
5f3f299dc01adcada731295087d913b1c14d9f16,Sun Aug 10 15:30:40 2025 +0300,Nikodemus Siivola,2,fix assigning a drum to a no-sound kit row (#4001)
08dd2521ebce2858cbecfba6338667a948bcbc6e,Sun Aug 10 03:14:50 2025 +0300,Leonid Burygin,3,Docs/ Update Horizontal menu changelog and menu hierarchies (#4012)
5fceaa6705dfc8075e9f5b1c6e9fcd05eb9f2d60,Sat Aug 9 16:24:09 2025 -0500,Metamere,2,"Refactor browser navigation, implement fast scrolling (#3994)"
8aba2163b6d5dbe4f199f3ea2d0c64dd249a9e9a,Tue Aug 5 16:40:44 2025 +0300,Leonid Burygin,4,Fix for gold knob popups that are immediately disappear while in horizontal menu (#3995)
c475a0097f4a047c67a45b5089613a2bdb871ce4,Mon Aug 4 13:13:35 2025 -0400,Sean Ditny,4,Refactor out velocity view code (#3992)
0ce5a25707ed8374069d769fd66e0a7d009185c1,Fri Jul 25 09:47:18 2025 -0400,Sean Ditny,2,Fix auditioning popups in velocity view (#3975)
ebd2257aa3a3c151d18d7428117c383320cba94c,Wed Jul 23 19:00:14 2025 +0300,Leonid Burygin,2,Bugfix/ Properly update selected item's LEDs in Horizontal Menu (#3970)
b15b6b0277b9c20cdced3ace2e6914fa97eeb52d,Mon Jul 21 10:25:03 2025 -0400,Katherine Whitlock,3,Convert applyAmplitude to Argon (#3439)
9552672be9a40e272b3a6845141f4783a48458f2,Sun Jul 13 23:43:54 2025 -0400,Mark Adams,5,Bugfix/volume part two electric bugaloo (#3951)
49bcca6f995f7862a4d497b8f277cc9fdba13667,Thu Jul 10 16:27:51 2025 -0400,Sean Ditny,2,Website/ Documentation improvements (#3940)
6a238575ce989139a6a570f90e432c3255e6f461,Thu Jul 10 00:53:54 2025 +0300,Leonid Burygin,4,Bugfix/ Select encoder acceleration issues (#3936)
9bc7174897942b1157a4790454aee26cdf66a52a,Wed Jul 9 12:38:21 2025 -0400,Sean Ditny,2,Delete stale velocity view pad selection mode code (#3929)
a24582e518edc6c0d41ceb5d0e270dd600e15b44,Wed Jul 9 01:47:54 2025 -0400,Sean Ditny,2,Clean up kit render output (#3931)
7c3cdcbd311e0432e71145b1045b1d7b189e1dea,Tue Jul 8 02:21:23 2025 -0400,Sean Ditny,5,Update community features and changelog (#3924)
601278366e2aad909a5bc5aa21f97f428b64ea61,Mon Jul 7 13:32:26 2025 -0400,Sean Ditny,2,More website updates (#3922)
f12e3e1e4d4051edcb3ee7e18a43684c8da64f81,Mon Jul 7 03:43:59 2025 +0300,Leonid Burygin,5,Refactor/ Reduce memory allocation for the Combined horizontal menus (#3918)
41870ec8a29a5c99167821e919c17e338f3d0de7,Sun Jul 6 22:15:04 2025 +0300,Leonid Burygin,5,Bugfix/ Fixed unstable menu item selection in the Combined horizontal menus (#3916)
1b861093b3f1f7915acbe555ec83c3a5811b4dd8,Mon Jun 30 13:14:27 2025 -0400,Sean Ditny,2,Website/ Add 1_2 preset competition page (#3712)
b579c5e3118e29a30f932e120e5708c961668f8e,Wed Jun 25 13:21:56 2025 -0500,Jordan,5,Updating changelogs as sharps/flats will go to 1.3 (#3875)
4dfcb6eb81963de0e73d830801972a4dde104081,Mon Jun 23 00:35:49 2025 +0300,Leonid Burygin,2,Horizontal menus: accessibility option support (#3868)
447d875378864271ffc76005d8715b19f1b11dcb,Sat Jun 21 15:58:19 2025 -0400,Mark Adams,2,only add spacing if not the last character (#3859)
893bf4b8d8e21fba73593935e655e86a7c3fecfc,Thu Jun 19 17:52:02 2025 -0400,Mark Adams,2,Use range based for loop to avoid bug when rendering odd number of samples (#3850)
2bb8b6528445b8dfd5787f15ae5ae8f48bdef44b,Mon Jun 9 14:40:07 2025 +0300,Leonid Burygin,2,Docs/ mention of the new probability shortcuts (#3829)
0b58d23f4dea04ba4e2d9e13089b99c5f7ab48aa,Sat Jun 7 06:33:14 2025 +0300,Leonid Burygin,2,Add shortcut for the note probability (#3806)
13af5bfca3892353dc8ea3e291360275f6f4ad61,Wed Jun 4 14:12:24 2025 -0700,Casey Tucker,3,MidiProgramMenu::isRelevant() // avoids showing in CV menu (#3813)
dec14c0b11774705af88f818f5e16e8aa0ebbb2f,Tue Jun 3 20:21:56 2025 +0300,Michael Katz,2,* Implement file operations: add copy and move functionality which will be used to move files around without passing through the host machine (#3775)
c629fb87ddbe666cf9b77da7dcde06d47747a890,Mon Jun 2 10:08:11 2025 -0700,Casey Tucker,5,move StringBuf impl to resolve -Wstringop-overflow (#3803)
08e49582f63bde687c5ce2a20fca19f051144531,Thu May 29 14:52:12 2025 +0300,Nikodemus Siivola,5,various compiler warnings (#3785)
75dd888ee6f1eb5e05d4d26b719e7cc5c820b887,Thu May 29 10:07:39 2025 +0300,Leonid Burygin,2,Docs/ New & layered shortcuts (#3781)
4fba3ab44fed7b6e7220faf61b6a087783d1bf5d,Thu May 29 03:42:54 2025 +0300,Leonid Burygin,3,Bugfix/ Add missing threshold & stutter rate shortcuts for global menus (#3780)
2417e41e1950b9e1f310f02c5221f702b6b93a2a,Wed May 28 12:22:35 2025 +0200,mgabor,3,fix(ci): Add mdx files to PR auto-formatter (#3779)
478ad90d1f2a8d3b84fd7995ebe9525436e00e3e,Mon May 26 16:06:09 2025 +0300,Leonid Burygin,4,Bugfix/ Fixed crash when using any of mod-fx shortcuts the first time right after booting up (#3773)
217c032b2350618322aac4924ccd2930f1882429,Sun May 25 16:02:59 2025 +0300,Leonid Burygin,2,Bugfix/ Fixed compressor shortcut position in the kit automation view (#3770)
567f3123f9294fa0012cd0549caa6bdcbbdbe33d,Sat May 24 14:43:50 2025 +0200,Raúl Muñoz,2,Fixed Rhythm menu items so they span always to two columns so they look good even for Kit Midi and Gate rows (#3758)
c8a0c8f7454e8c741fc3f86e8cf48381d93d8a94,Thu May 22 02:47:47 2025 -0700,Casey Tucker,3,Font 5px: all latters 3px in width (#3745)
5938b27507891f3572f4c7dbfeea42f957b3b5b8,Tue May 20 13:07:26 2025 -0700,Casey Tucker,4,add 5px font (#3743)
fa928171fe81715323e100fcf12ddaf7c6da8652,Mon May 19 22:23:05 2025 +0300,Leonid Burygin,3,Docs/ Update the horizontal menus documentation (#3739)
df2ae9c896feed1c373f43541e8f23f06adb2611,Mon May 19 10:16:48 2025 -0700,Casey Tucker,2,preset: displayed value matches transmitted value (#3737)
f11ece024492004273f3738abd36c5b3770acb1c,Mon May 19 19:11:02 2025 +0300,Leonid Burygin,3,Horizontal Menus/ Add the unison submenu to the voice horizontal menu (#3733)
5d5286f11392046226fa6c740969f1ac3b062d4f,Sun May 18 23:10:35 2025 +0300,Leonid Burygin,2,Cleanup/ Remove redundant duplicate of mod-fx horizontal menu (#3727)
1427cf98783f5a80f8cca2cbfb4377bddb4994b5,Sun May 18 00:21:47 2025 +0300,Leonid Burygin,2,"Feature/ UX improvements for horizontal menu, part 2 (#3716)"
1a764bccab351b34b74f680cd96ab4608fb4f498,Sat May 17 22:46:16 2025 +0300,Leonid Burygin,5,Feature/ Bitmaps for LFO icons in horizontal menu (#3711)
bf96942b80a5d90dc4d3f19189b5b224447da61e,Tue May 13 06:25:08 2025 -0400,Sean Ditny,2,Update website for 1.2.1 release (#3692)
bc7321d78008f0d516a157ee8f8bfa15cdda3b4d,Sun May 11 14:02:59 2025 -0400,Sean Ditny,5,Fix some routineWithClusterLoadingClicks (#3680)
49b6bccb0207a5289b05ed23a2e8d84c5c9c4e27,Fri May 2 13:52:20 2025 -0500,Grant Shangreaux,2,Fix: links to development docs no longer in repo (#3663)
bead9848c1c8d276fd85692f9f3103b25753e171,Fri Apr 25 14:48:05 2025 -0400,Sean Ditny,5,Refactor InstrumentClipView scrollVertical (#3619)
e90ff977b6f3ab3ebedbc614b5fa265e46924d86,Tue Apr 22 13:08:40 2025 -0400,Sean Ditny,5,Website/ Add Deluge Tutorials Reference Page (#3638)
6b671a07157dc9bb09f0d8e2537b52d77d2f6ba7,Mon Apr 21 16:46:54 2025 +0200,mgabor,4,Attempt to fix website PR workflows (#3631)
0591a30bd348d0a56932eb12a160237bb3340651,Mon Apr 21 00:45:34 2025 +0200,mgabor,2,Fix asset reference case (#3628)
294f559b3bccd7dd2aabaf08780948f03df439ed,Mon Apr 21 00:00:32 2025 +0200,mgabor,3,Fix build errors (#3627)
db1dc994d54b24d989e34d9f4315a37ea972138a,Sun Apr 20 17:37:55 2025 -0400,Sean Ditny,2,Add documentation re-direct links (#3622)
f30cff0f1c3442f102e6102e48206fe792f39af1,Sun Apr 20 17:20:45 2025 -0400,Sean Ditny,2,Refactor View Mod Encoder Action and Mod Encoder Button Action (#3603)
7638ca230d94bfa5a125ba75bfa0535a5eadc0d2,Sun Apr 20 17:12:59 2025 -0400,Sean Ditny,5,De-duplicate some transpose logic (#3590)
e6a26f52222d8f46f4ac97b1031b4c276d5d6469,Sun Apr 20 17:10:58 2025 -0400,Sean Ditny,2,Fix vertical scrolling note dropping bug in automation view (#3615)
515db1787af35e7ceb57586fa6a8ce82fda002fa,Sun Apr 20 17:10:41 2025 -0400,Sean Ditny,2,Website/ Add Applications Page (#3623)
40f8af13b35914126bd3d0ddcd54d35cf8a2445e,Sun Apr 20 17:10:32 2025 -0400,Sean Ditny,3,"Feature/ Added Tempo, Root Note and Scale to Audio Export file names (#3620)"
982cd678b7efa92460f53cfc50f37b79f0f022a4,Sun Apr 20 16:51:23 2025 -0400,Katherine Whitlock,2,Minor cleanup in GranularProcessor (#3605)
f57c08cb6dccd30be4c670fab08750baf52db492,Sun Apr 20 16:00:54 2025 -0400,Katherine Whitlock,5,Add Pd folder and initial object (#3596)
a01e2235c3aacc4c5769d96729f9c47f9c63757c,Tue Apr 15 22:32:25 2025 -0400,Sean Ditny,3,Fix crash with grid view loop recording (#3610)
6a8f6ff3a2d1f28b3cba629daa9ad5ca3b3506b9,Fri Apr 11 18:57:18 2025 -0400,Sean Ditny,5,Update shortcuts for randomizing drum samples (#3546)
4ee99b407abb714ae33739f4936c83e53ff8cfc2,Fri Apr 11 18:26:58 2025 -0400,Mark Adams,4,Bugfix/dont buzz on crashes (#3584)
7026b6aa28f0eca23807bc93b1b166c826fed30f,Thu Apr 10 17:38:17 2025 -0400,Mark Adams,4,initialize everything (#3582)
caff2d3c10fc306940e22c165e85efc82a9be4f4,Mon Apr 7 20:53:59 2025 -0400,Mark Adams,3,Bugfix/unreachable perc cache code (#3569)
a805ec3c61917bbd7fae1bc3a50b00d888e85e80,Sun Apr 6 08:22:08 2025 -0400,Mark Adams,2,always give arp note a channel if midi or cv (#3559)
e56d5595d45b8bdd7e61c40015fe29f246ca72ac,Tue Apr 1 01:27:21 2025 +0200,mgabor,2,Integrate Posthog (#3539)
9e3428074ecf2e08a19f7808d70b869983700b07,Sat Mar 29 17:41:55 2025 -0400,Mark Adams,5,"remove reasons from clusters in voice destructor, fix move constructors to avoid double freeing (#3528)"
e6d934683dceca5da8260c5bc30dd81e58fbb6c8,Wed Mar 26 05:58:10 2025 -0400,Katherine Whitlock,2,Fix culling priority selection (#3503)
c2b2add0b03927141a4c8829503a3775d4997726,Sun Mar 23 18:50:47 2025 -0500,Metamere,4,Replace loading and saving popups with procedural animations (#3304)
792b6dbef9e9610dceafcdaf886a07caab752ed5,Sun Mar 23 18:24:52 2025 -0400,Sean Ditny,5,Updated horizontal menu controls (#3506)
e949f84952e83e5d727664f149e274e232d46548,Fri Mar 21 14:20:15 2025 -0400,Sean Ditny,2,Enable audio output scorlling in arranger view (#3496)
910df76bbcd948b8afd15d87a255a9f01ff476cb,Fri Mar 21 14:19:48 2025 -0400,Mark Adams,3,revert change to audio selector rendering as it causes crashes and other UB (#3497)
ba3252117a0495e49d0243dc6391f6377eea87cb,Tue Mar 18 22:19:07 2025 +0100,s.e.s,2,update midi2deluge python scripts (#3487)
350afb39ed180b1d31e3ccc314c2ea269976692b,Tue Mar 18 01:38:45 2025 +0100,Raúl Muñoz,3,Misc fixes for automation view (#3484)
ca2ec2232c167ecf7cf7901dac50ba0eb43ee3d9,Sat Mar 15 16:54:38 2025 -0400,Katherine Whitlock,2,Move Song default initializers to the member declaration (#3458)
247e547a24fffe089b2552dede3345bcc087e87b,Sat Mar 15 16:53:54 2025 -0400,Katherine Whitlock,2,Refactor how audition and mute pads are colored in ArrangerView (#3463)
7bff00e7e4e723c3c1db17074b19ed834de56395,Sat Mar 15 16:52:56 2025 -0400,Katherine Whitlock,2,Combine dbt.cmd and dbtenv.cmd (#3469)
00076cdba498c502a63dbdae74e2df5979179301,Sat Mar 15 16:52:19 2025 -0400,Katherine Whitlock,3,Storage function to std::span (#3441)
1090b1c8e780c448f8ae7bbe340d13366eb4874e,Tue Mar 11 07:37:07 2025 -0400,Katherine Whitlock,3,Use pragmas for unrolling renderCrudeSawwave (#3435)
333f93c28a478a28796c4a6e25bc8136e20d654f,Mon Mar 10 18:35:55 2025 -0400,Sean Ditny,2,Add kit arp shortcuts to kit fx menu (#3466)
c74b16e5ed420cc77cfa7f206a221a5f850cd605,Mon Mar 10 17:25:12 2025 -0400,Sean Ditny,4,Set stutter default to quantized (#3464)
6652322ebbb646e57938a1b184b85e9fe126f009,Mon Mar 10 11:28:59 2025 -0400,Katherine Whitlock,2,Move arranger default construction values to the member variable declarations (#3462)
d94626348d6f4b16bcaa19b304a4d081c9d1b10d,Sun Mar 9 23:19:02 2025 -0400,Katherine Whitlock,3,Update github scripts (#3457)
7a2d0fc34d1a494817976b8efba3699cbcecb836,Mon Mar 3 19:26:42 2025 -0800,Mark Adams,5,"Revert ""Remove AlignedBuf and replace with alignas(n) std::array (#3411)"" (#3444)"
1f45fd418494012b347f575d88fea1e83916fe13,Sun Mar 2 16:22:09 2025 -0500,Katherine Whitlock,4,Convert renderWave to Argon (#3433)
78295042ee703c8d7605fb6510fb2276ee4af3db,Sun Mar 2 15:54:03 2025 -0500,Katherine Whitlock,4,Convert renderPulseWave to Argon (#3434)
81d432ac82b158cc08230a966f35e3a268f32014,Sat Mar 1 19:42:39 2025 -0800,Mark Adams,3,gross but functional handling of cv 1+2 (#3432)
ce19964f84784c0bcef9cd2a2f9966884a183780,Sat Mar 1 20:02:40 2025 -0500,Katherine Whitlock,5,Fix includes in DSP subfolder (#3429)
3b4ef139cedda0597f65956eff176a353fa70404,Sat Mar 1 11:44:52 2025 -0500,Katherine Whitlock,5,Remove AlignedBuf and replace with alignas(n) std::array (#3411)
5066b2729e6552b9dbe40d83ab8ac26674de9139,Mon Feb 24 12:31:03 2025 -0500,Katherine Whitlock,2,Convert voice arrays to std::array (#3414)
dbace202423f2db98736845d0e936126c93cd63a,Sat Feb 22 01:21:53 2025 +0100,s.e.s,3,Bugfixes for pattern feature (#3405)
68c7231e6a72b2552a57f5917f5e98b745fbfa89,Sat Feb 22 01:21:01 2025 +0100,Raúl Muñoz,2,Fixed Arp Seq Length functionality (#3398)
ee8b3a0d2215cf0d0b82c8a8fe0863c82f2604e0,Thu Feb 20 18:28:48 2025 +0100,Raúl Muñoz,3,Improved docs for the arpeggiator Randomizer params (#3399)
98e95fd916908fa94e0b4c9327f93a753aeec48b,Tue Feb 18 12:22:23 2025 +0100,Raúl Muñoz,3,Remove Volume Post Reverb Send from automation view and midi follow (#3392)
b50231fe51dc1bf0c5917554ad1f292b34811bab,Sun Feb 16 17:26:18 2025 -0500,Sean Ditny,2,Update midi follow feedback to check context (#3387)
6adac2f33887b4c1498c831e6f748075e7e0be83,Sun Feb 16 18:42:51 2025 +0100,s.e.s,2,Adding Documentation to Feature List and Changelog (#3390)
43da502946790a6a6de2efd6f938892bc0260a58,Sat Feb 15 12:05:12 2025 -0500,Katherine Whitlock,2,clang-tidy: ignore magic numbers (#3384)
69d3fecfd196e06c3cdb80df32a10979efd52602,Mon Feb 10 18:31:27 2025 -0500,Mark Adams,3,put stealable sample files in stealable region! (#3368)
be43061c09c115943b6f77e8083d95cf3db11bd6,Mon Feb 10 15:11:48 2025 -0500,Mark Adams,2,move layouts to data from bss to fix initialization order bug (#3367)
0157b8343829df05d43264dacfa233eea517e5ae,Sun Feb 9 23:51:44 2025 -0500,Mark Adams,2,move arm exception tables to sdram (#3355)
ab579db45c4de0d9b59275901b686ac14897fb59,Sun Feb 9 20:28:04 2025 -0500,Mark Adams,5,Use frunk better (#3353)
5a31ec450332500a27c4a0bdfd4d0089200d286c,Sun Feb 9 07:55:03 2025 +0100,Queroland,5,MidiFighter Twister Mappings (#3347)
33886211dbcd5485f869e0959564e28f5e3c5fab,Sat Feb 8 13:48:21 2025 -0500,Katherine Whitlock,2,Fix clang-tidy action from external repos (#3348)
3facf8ad1d58b6507aaf5b96711dc59230e773f7,Wed Jan 15 16:02:34 2025 -0500,Mark Adams,3,"Revert ""Move String backing storage to std::shared_ptr<std::string> (#3219)"" (#3286)"
4f43b9f2b0176a2e0d667782097497b79adbae70,Sun Jan 12 19:23:16 2025 -0500,Mark Adams,4,Bugfix/dont realloc active kit rows (#3275)
46bcc6238a342f4bc825f3df603f90e43929561a,Wed Jan 8 18:42:19 2025 +0100,Moritz Weigt,2,"Fix: When using the backspace in the keyboard when searching samples, it doesn't re-search (#3227)"
54bdd9ff00a79b289422dee4b7a62b6db0d7aed5,Tue Jan 7 20:32:44 2025 -0500,Mark Adams,2,show a popup for audio clip type change on 7seg (#3234)
cb286e9884b92a0419662abf539e1dcf4cc0d268,Tue Jan 7 18:15:25 2025 -0500,Katherine Whitlock,3,Move String backing storage to std::shared_ptr<std::string> (#3219)
a130acd973df7dbeea64e530b9a5e9a28c064599,Tue Jan 7 14:18:00 2025 -0500,Katherine Whitlock,2,sizediff dbt task (#3233)
2ad07a5ccc426dc1350bbe72624ce1beaf72d7ba,Mon Jan 6 00:29:37 2025 -0500,Mark Adams,4,Improvement/gma alignment (#3220)
e940ee1b3e0e170e839e93f36e8fc09fdb08160c,Sat Jan 4 11:27:42 2025 +0200,Nikodemus Siivola,2,missing changelog and community features entries for clip name stuff (#3205)
623f58068a785b08069627b830acc60606b58e3b,Fri Jan 3 22:09:41 2025 +0200,Nikodemus Siivola,3,simplify SoundEditor::beginScreen() and updatePadLightsFor() logic (#3193)
5a7ca2bc93c18571a694555d6e0ad2c7fa782142,Thu Jan 2 18:49:17 2025 +0200,Nikodemus Siivola,4,"add section number to clip names, copy clip names along with clips (#3195)"
e2e8a560c7801969681c50275cd2477b5428f0a3,Mon Dec 30 11:27:47 2024 -0500,Katherine Whitlock,3,Change label storage to std::string (owning) (#3179)
547b62b18015808f399c6d5cc847961512cd9090,Wed Dec 25 21:52:03 2024 -0500,Katherine Whitlock,2,Fix CMake Build Scripts (#3156)
bf5f4af42b9c9da570e7d0f3c4b78cbd385a5a15,Wed Dec 25 12:26:31 2024 -0500,Sean Ditny,2,Removed high cpu usage indicator from docs (#3144)
334c8749c1841bcebaae86db95b08d31aaaded3b,Tue Dec 24 18:18:51 2024 -0800,ok-reza,2,Add files via upload (#3137)
c197b3ef4e92911b88573820532325a5b8418203,Tue Dec 24 10:26:07 2024 -0500,Sean Ditny,4,RWCL Fix #2: Replace RWCL with Yield in Preset scrolling functions (#3123)
cab4339101e6e5d6a82731c4c0ee9746a28c7fa0,Sun Dec 22 16:42:06 2024 -0500,Mark Adams,2,change chord interval storage from int32 to int8 (#3117)
14a92cf57e71776847f48ce707f0f6ec3f25fa70,Sun Dec 22 16:39:35 2024 -0500,Katherine Whitlock,5,Continue refactoring Voice (#3113)
6f485020ec2a18c2e6db42bb9ceb38c887cfe9c7,Fri Dec 20 19:15:20 2024 -0500,Katherine Whitlock,3,Refactor vector rendering functions with Argon (#3106)
419f76f7a6b8d10b43bedb7465a013ab8bda67d6,Fri Dec 20 17:09:42 2024 -0500,Sean Ditny,3,Fix note and note row editor menu entering for midi and cv drums (#3103)
b8de3eb79d5d1d6170ed426fa0f5aa21582ec950,Fri Dec 20 15:14:27 2024 -0500,Katherine Whitlock,3,Fix sync issue (variable writeback) (#3102)
e214eee739205439f44494915844dbc5084ddb0b,Fri Dec 20 11:05:45 2024 -0500,Katherine Whitlock,2,Switch globally-initialized C arrays to std::array (#3100)
442048b44b3ceb47bfe7e5f5538f33e9ebecf362,Tue Dec 17 22:35:59 2024 -0500,Katherine Whitlock,4,Use VCVT for Q31 conversions (#3090)
9f4fe7798900e3fd385c469fa3028de3a42436c9,Sun Dec 15 23:48:07 2024 -0500,Sean Ditny,3,Update audio export docs (#3077)
c44d2476f4a3db20c9cff28692b3db32fbf71afb,Sun Dec 15 15:39:08 2024 -0800,Mark Adams,4,enable l2 instruction cache only (#3072)
be88a68c9ca6d088a472cd6ba8f763b4953c965d,Sun Dec 15 17:18:23 2024 -0500,Katherine Whitlock,2,Fix Reverb model (FREEVERB) for old songs (#3070)
45d3a29e14a61484e7d23f8e9d68b9a60d825946,Sun Dec 15 13:14:10 2024 -0800,Mark Adams,5,cull softer to avoid clicks since the scheduler makes large buffers safer anyway (#3067)
15db01aa8aaf0f0a49982deabcb5b1b31347b1d7,Thu Dec 12 15:20:03 2024 +0200,Nikodemus Siivola,5,follow-up to loosening clip-naming restrictions (#3056)
46d1a069713de2c88691cae5fe6fe1f6e69496e7,Tue Dec 10 15:01:21 2024 -0500,Katherine Whitlock,2,Use local paths in docs (#3047)
a10216a4b0223b4dfe38243f2025bdcdd601c705,Tue Dec 10 17:59:00 2024 +0200,Nikodemus Siivola,4,some stray v13 toolchain references in IDE configs updated to v16 (#3039)
6e3e7a93e49190ff9ea3af5ca8702939819183f6,Mon Dec 9 19:48:59 2024 -0500,Sean Ditny,3,Stop scrolling during playback (#3032)
fdf6f7c6cf12a69a728eaf727676e24c579d6af7,Mon Dec 9 19:42:44 2024 -0500,Sean Ditny,2,bugfix automation view shortcut blinking (#3030)
189e95edec640f5b68e78c0a3582e859b856447e,Thu Dec 5 21:25:42 2024 -0600,Jamie Fenton,2,Update SysEx code to better support multiple open web browser windows. (#3013)
e639e99c56a676e2a17b29f004ffcf022932ac1a,Mon Dec 2 22:08:28 2024 -0500,Mark Adams,2,Performance/precompute schedule timings (#3007)
aa143d939ed089cd84721629a30ba2f7e43e474b,Mon Dec 2 19:48:50 2024 -0500,Mark Adams,2,setup dx7 when dx oscillator selected (#3004)
5733f49424b61ee563a921a85715f0a9a2a67892,Sun Dec 1 20:19:21 2024 -0500,Mark Adams,2,exit auditioning before renaming drum (#3003)
5f1e0ad6fbfab9b8c54516bea225415115055dc0,Tue Nov 26 12:47:08 2024 -0500,Katherine Whitlock,4,Remove macros from voice (#2966)
815901730ee955457d451c0eabdd0bde46b60e99,Mon Nov 25 14:41:22 2024 -0500,Katherine Whitlock,3,Fix some minor tooling issues (#2979)
de8f3daaf285a62cd5e99f7a675db7da01d62eed,Sun Nov 24 12:18:14 2024 -0500,Sean Ditny,3,Fix stem export with song fx (#2955)
ddef273a0bbf303bd5fac258986c23f977e22a2e,Sun Nov 24 02:37:38 2024 -0500,Katherine Whitlock,2,Fix initializer for Mutable Reverb LFOs (#2970)
4dbbbf313326b23d5bf5dde2ae5a139601b4a8a7,Sat Nov 23 16:51:17 2024 -0500,Katherine Whitlock,2,Extract AmplitudeVector creation to own function (#2961)
dc7216de88ad7b5aae7d495c68f07cd732ae1d85,Sat Nov 23 15:28:49 2024 -0500,Katherine Whitlock,5,Refactor Sine Oscillator (#2949)
5afe35d1712a4d5e90e3b818e9fd1084b2073569,Thu Nov 14 10:48:25 2024 -0500,Sean Ditny,4,Fix alt playback start behaviour (#2898)
aeb19c202a2894239a785f0262c666d79c5a2074,Sun Nov 10 10:25:03 2024 -0500,Sean Ditny,2,Added zoom in out shortcut (#2892)
62cf399b97dc9ea31b645c9a3f7baddea259f953,Fri Nov 8 21:13:10 2024 -0500,Sean Ditny,2,Add note copy paste shortcut to automation view (#2891)
d8e2a2f89c3bc94217ade5343bf70f4666b0fb19,Fri Nov 8 21:10:53 2024 -0500,Sean Ditny,2,Fix stem export to silence (#2893)
a5ab97bbb5687514c3e62962a74b263cba7476f0,Wed Nov 6 16:25:11 2024 +0100,RJ-Eckie,2,Cleanup arranger tails (#2876)
7e5715a06dcfb0957a6e69e0fd32a93ab72460e9,Wed Nov 6 10:24:38 2024 -0500,Sean Ditny,2,Fix bugs with entering && exiting perf view (#2879)
c8be99576c0415feab5decba9565be88f6e289e3,Sun Nov 3 16:08:37 2024 -0500,Sean Ditny,2,Toggle note auditioning (#2861)
469999d850540b0891d38af19a4f4fda718117d6,Thu Oct 31 20:23:14 2024 -0400,Sean Ditny,2,Update drum randomization feature documentation (#2852)
28945495b1a16e67c027f2d6cf71515abd4935e8,Sun Oct 27 18:46:12 2024 -0400,Sean Ditny,2,Document Max Voices menu / Default Voices change (#2840)
f7c19e625b00ff26284ce9dbe53cab939a9c4931,Sat Oct 26 22:20:05 2024 -0400,Sean Ditny,2,Persist learned kit midi input (#2829)
b6493bdd5fb775588c292b4162c92fc7a91c4749,Mon Oct 21 20:36:52 2024 -0400,Sean Ditny,4,Update nightly documentation (#2813)
436dbf736af94b2aa094dea63b686a322b0fdf6f,Sun Oct 20 22:08:00 2024 -0400,Sean Ditny,3,Fix saving of reverb hpf / lpf to song (#2827)
e5aad898dff7964e128846629c15587000076cc1,Sun Oct 20 22:07:36 2024 -0400,Sean Ditny,2,Fix - Migrate Midi Learn from One Preset to the Next (#2828)
6586539393577b9c2c7d7631df135824e40dbb9d,Fri Oct 11 22:26:28 2024 -0400,Mark Adams,2,fix bug with modulating sustain causing clicks (#2805)
5af547559dbac83a7a913739dd9f58847cc22363,Fri Oct 11 10:33:10 2024 -0400,Mark Adams,4,"clean up bpm functions, remove float comparison (#2799)"
9331e446772d0741a77629bddc1b04167c78377f,Tue Oct 8 20:12:36 2024 -0400,Sean Ditny,2,Enable shift in note editor (#2789)
92b86cf509c0fb7b2ef0d4daedcd05b5f6aff417,Sun Oct 6 15:58:02 2024 -0400,Sean Ditny,2,Bugfix - ensure selected submenu item is relevant (#2770)
eb667152f40ad331dbb802e34fc30fdc6efff9f9,Sun Oct 6 15:50:11 2024 -0400,Sean Ditny,4,Fix 7seg grain type string + update mod fx menu hiarchies (#2782)
ffd85015818cdc2c9a37d60bcb45ca473f94305b,Sat Oct 5 19:08:03 2024 -0400,Mark Adams,3,Bugfix/UI niggles (#2776)
eb03cae3175e6c77ff5b596400a605def266d62d,Sat Oct 5 16:13:26 2024 -0400,Mark Adams,5,Bugfix - ensure gate is never sent before associated cv (#2757)
519670e9d17df46c9bb311ff6d3ed1b840583754,Thu Oct 3 14:45:24 2024 -0400,Sean Ditny,4,Replace clip mode with clip settings in song row view (#2750)
edf6e6e5523bc9dd09d4bfc404774de4159e409d,Thu Oct 3 13:06:25 2024 -0400,Mark Adams,5,Set colour intensity proportional to note velocity for easier editing (#2746)
55eabecb849e2357cb2e957c21a1a3bf9aa47f60,Mon Sep 30 16:23:17 2024 -0400,Madeline Scyphers,3,Change chord keyboard default to Col and tidy up chord keyboard docs (#2738)
8f6d7dc730de5bd0995ef32c7befa7e300275c92,Sun Sep 29 10:57:22 2024 -0400,Sean Ditny,2,Added song macros to change log (#2724)
aed93edd40695f91fc409fd4a27a9b5ee6a0f375,Wed Sep 25 07:45:12 2024 +0200,Raúl Muñoz,5,Feature: Autoload sample to synth or drum when LOAD is toggled On while previewing sounds in sound browser (#2676)
3b13032c47fa2d3bfc3fccdc729c43ac6eee4437,Thu Sep 19 17:21:57 2024 -0400,Sean Ditny,2,Docs/ Update Menu Hierarchies + Cleanup Change Log (#2646)
12cb9fdd4111b2d8aafecf97716af81fb763eece,Tue Sep 17 10:28:06 2024 -0400,Sean Ditny,2,Fix/ Enable toggling of metronome during record count in (#2653)
6b41aacd2489465e63cb10332cdfba4453d6e0c9,Tue Sep 17 02:12:59 2024 -0400,Sean Ditny,2,Fix/ Enable Renaming Midi Output in Arranger (#2651)
31bc72b5bfec59d5f736d4ea7bb3fe7ac2b06edd,Mon Sep 16 20:14:49 2024 -0400,Sean Ditny,2,Bugfix/ let record be turned off while auditioning (#2657)
84af5e60897338056f73145b351efdc76c950aa1,Mon Sep 16 20:02:10 2024 -0400,Madeline Scyphers,2,Bugfix/ scale offset bug caused by modding on octaves (#2652)
82aac150545ea38409785161e531e722217da925,Mon Sep 16 20:00:20 2024 -0400,Sean Ditny,2,Added ability to load sample to drum (#2650)
74bb6ebba742610bb0d2c9024b9020997bbbbd5e,Fri Sep 13 22:39:59 2024 +0200,Moritz Weigt,2,"Docs: Warn about ""dangers"" of loadfw in contributing.md and when using loadfw (#2634)"
03d755dc8a2f1ae0f8390274de4a8a18b9568d94,Fri Sep 13 16:36:06 2024 -0400,Sean Ditny,3,Add troubleshooting tip for stem export with offline rendering (#2637)
29cd1c9646f0c934ef8799d93aa36a8f1aef4ac2,Mon Sep 9 11:59:34 2024 -0400,Sean Ditny,3,Bugfix / arranger performance view playback restart behaviour (#2619)
af0ee982ed5fd46dac60bc5a1b4927292078a508,Mon Sep 9 10:27:47 2024 -0400,Sean Ditny,3,Bugfix - handle audition pad action in clip rename UI (#2610)
6cf6e5e54b6f477b961ff6e595e85a2e6ec8f4d2,Sun Sep 8 16:24:46 2024 -0400,Mark Adams,4,Bugfix/usb midi dropped messages (#2592)
1d6c19f727ee67c9168d3ec1d0f64db0ad2ca087,Sun Sep 8 14:35:33 2024 -0400,Mark Adams,2,use enter to confirm (#2612)
f8c8270f4aaf2de43d487efd61927b1a30534a56,Sun Sep 8 00:34:43 2024 -0400,Sean Ditny,3,Bugfix enter drum creator when creating new kit (#2597)
b53eb33460a8aecf219ec6b4fd2d38ae8ef95400,Sat Sep 7 22:21:41 2024 -0400,Sean Ditny,5,Bugfix - Audio Clip Automation View (#2596)
2e21a1cd676beedafdfcc44a96a723f5915f7e08,Sat Sep 7 22:21:05 2024 -0400,Sean Ditny,2,Bugfix gold knobs don't reflect selected drum when doing an undo action (#2602)
6b7aac1c82e46efbfb53702544e7ce48ad660870,Thu Sep 5 15:53:06 2024 -0400,Sean Ditny,3,Update Stem Export Folder Path and File Names (#2572)
744f79c9c47298d27aeb582b296ce5122aa707bb,Thu Sep 5 15:52:38 2024 -0400,Sean Ditny,2,Perf View Bug Fixes (#2576)
0b3e0bd7b078b6f98152256169f92545b657cc73,Thu Sep 5 15:52:18 2024 -0400,Sean Ditny,5,Bugfix cross screen mode button handling (#2579)
fd28543b47be2a37c60f164433883312529e86dc,Mon Sep 2 19:27:35 2024 -0400,Mark Adams,2,print error messages (#2563)
220ea50c9b6b24d7fd0919bad815e4322aff1911,Sun Sep 1 02:30:07 2024 +0200,Raúl Muñoz,2,Fix LaunchStyle setting (#2543)
c451f7c47281b30a88bfe0a14d461382977930ed,Sat Aug 31 18:36:43 2024 -0400,Mark Adams,2,keep audio recording track through synth change (#2533)
dd5496253972b441b8b40ad38e43573f8548165f,Sat Aug 31 15:07:52 2024 -0400,Sean Ditny,4,Add Vibrato and Sidechain Patch Cables Grid Shortcuts to Automation View (#2523)
3099fe8e7f4ff688f7324077b9703c1b65a15403,Sat Aug 31 11:09:08 2024 -0400,Sean Ditny,2,Bugfix drawStringCentredShrinkIfNecessary (#2524)
479496ed3f1e4be1e199381d9262412846072812,Sat Aug 31 01:10:33 2024 -0400,Sean Ditny,5,Update clip compressor menu to show decimals (#2511)
670b7baef74d2260a9c069aad27c64e3232a6751,Sat Aug 31 01:09:40 2024 -0400,Mark Adams,3,clear audio output source when track is deleted (#2528)
0252fff3994a658f6a98db39e17754a13ec9642a,Sat Aug 31 01:06:47 2024 -0400,Mark Adams,2,Bugfix/arranger recording (#2526)
b36bc6cf5586a83b46224b3a9af9b51b3a65234f,Wed Aug 28 10:38:29 2024 -0400,Mark Adams,2,update site for beta (#2512)
506588f487b557c26e8e3943b81dd4bd950fbabb,Mon Aug 26 12:50:53 2024 -0400,Mark Adams,2,ensure file paths are unique in both temp and main folders (#2500)
71dc00177780e35d349d2614168a41e1cd0fc4d7,Sun Aug 25 15:46:23 2024 -0400,Mark Adams,4,Update workflows for 1.2 (#2494)
4ff0cbbf6f7bb56bb8606c9b0bea3ccce2f8d8fd,Sat Aug 24 17:17:10 2024 -0400,Sean Ditny,2,Update grid view clip creation UI + bugfix (#2490)
40639251c9b4f6a7b22c705ec1153b1c22cf37e0,Sat Aug 24 15:58:20 2024 -0400,Mark Adams,2,split declaration from  initialization to avoid duplication (#2489)
0024c836686322bcfdde49eed770c5e5866eccbd,Sat Aug 24 13:53:30 2024 -0400,Sean Ditny,3,Refactor ArrangerView::editPadAction + fixes (#2472)
98b999bd1c9e19a406fae3d138166437cefb8521,Sat Aug 24 12:01:39 2024 -0400,Sean Ditny,3,Bugfixes - Automation and Velocity View (#2459)
aed471f86457ff5e64d5c5a4fd8193ccf2a5d3f6,Sat Aug 24 11:29:12 2024 -0400,Sean Ditny,2,Start Arranger Playback from Scroll Position while in Cross Screen Mode (#2479)
09d26c7085dd1b5356b7ae0df870a892ba79825d,Wed Aug 21 16:39:51 2024 -0400,Sean Ditny,3,Stem Export: Added 60 second recording silence timeout (#2464)
1c2140aa28061fd440cb64b3554d29c0b068de2a,Wed Aug 21 10:10:44 2024 -0400,Mark Adams,4,"maybe fix arranger bug, definitely fix automation freeze at low tempo (#2467)"
c0189f7b767754b32c3d030c0f1fe562307ec43d,Tue Aug 20 17:00:24 2024 -0400,Madeline Scyphers,4,Allow ColumnControlsKeyboards to opt out of sidebar columns (#2448)
dcf29263a1713626e8c4838870c6dedd87c30e7f,Mon Aug 19 16:50:52 2024 +0300,Nikodemus Siivola,2,fix clock nugde (#2462)
5fa01997d795acbe420cb072e0adf264eecec38b,Sun Aug 18 20:08:50 2024 -0400,Sean Ditny,3,Update pad greyout for Song Macro Config Mode (#2438)
6d231436bc330f7680693a22d02aa322a309c041,Sun Aug 18 16:27:31 2024 +0300,Nikodemus Siivola,3,Enumeration & Selection don't need SoundEditor::menuCurrentScroll (#2451)
17aa6dd7a7e0d59f7b1016dac00de09a4ddae4aa,Sat Aug 17 20:05:16 2024 +0300,Nikodemus Siivola,2,Submenu doesn't need SoundEditor::menuCurrentScroll (#2450)
f34b97d3ea6e6728c33afbdc0beac7ce9d7a52a4,Sat Aug 17 19:56:07 2024 +0300,Nikodemus Siivola,2,MultiRange doesn't need SoundEditor::menuCurrentScroll (#2452)
de428b94041e2e7943a7c44dc02a335dfa15758e,Sat Aug 17 19:55:28 2024 +0300,Nikodemus Siivola,2,Devices does't need SoundEditor::menuCurrentScroll (#2453)
3dbbe90e1b9d5c0d313e602b15fa01ec75928fa5,Fri Aug 16 17:27:12 2024 +0300,Nikodemus Siivola,2,Toggle doesn't need SoundEditor::menuCurrentScroll (#2449)
c67eb3679242059d0be7d3f10d09b9d2e5203b37,Tue Aug 13 21:41:15 2024 -0400,Sean Ditny,4,Restore new clip and audio clip conversion to song row view (#2432)
30a9f5fcbb70d956cb188e4dbe53e1076ffe615f,Sat Aug 10 22:12:44 2024 -0400,Mark Adams,2,don't apply doublings (#2420)
16ac7af94e538748aa0d22be0ba21642664ef58d,Fri Aug 9 16:54:32 2024 -0400,Sean Ditny,2,Update documentation (#2391)
cbdc707593868b5ec97a13a83602f7c3c6700677,Thu Aug 8 20:11:24 2024 -0400,Mark Adams,3,Bugfix/audio track recording with null output (#2412)
8e684437284ab8cbfd5a61df8882e3a5d75873c4,Thu Aug 8 14:02:33 2024 -0400,Mark Adams,3,create path for new recordings (#2411)
c3aed07eb37d1470f168cca55e51718a62a1c9c5,Thu Aug 8 09:49:33 2024 -0400,Sean Ditny,3,Bugfix Midi Follow Crash on Song Swap (#2406)
0fd57d5ec7b4d8d350d5c62bcf85067b3629eb83,Wed Aug 7 22:48:10 2024 -0400,Mark Adams,5,if instrument not on card delete it from hibernation on change (#2401)
d79d059beae896acfb8f51d20c8201a2636bba36,Wed Aug 7 22:46:00 2024 -0400,Mark Adams,4,don't change reverb until song swap happens (#2404)
e8357f3b501ef2202c11145fa692fd8f197b4a86,Wed Aug 7 18:07:56 2024 -0400,Mark Adams,5,make names match section mode names (#2399)
cfd42367841cbc4c1677eb9efb7826276f17f0b0,Mon Aug 5 22:38:00 2024 -0400,Sean Ditny,2,Bug fix - go up a level when pressing select (#2389)
94afd47fad2f463e9e49075c0a191ce42ed68cb6,Sun Aug 4 22:17:30 2024 -0400,Mark Adams,4,Fix some ub (#2384)
4f03ac8fcafb989175019c929698622249e4d1ab,Sat Aug 3 13:42:14 2024 -0400,Mark Adams,3,Set recording name according to the source (#2368)
9bee8c6034c129b03f8026a3f0eabef24b665a8b,Sat Aug 3 13:34:33 2024 -0400,Mark Adams,2,respect record arming for auditioning (#2374)
8e43e8809d730cef7f907e0f92dffdcba5e29d3c,Sat Aug 3 19:46:55 2024 +0300,Nikodemus Siivola,4,remove ENABLE prefixes from community menu toggles (#2378)
bf6cb351f8f2d1b034af59cd6351a89d6839237a,Sat Aug 3 10:29:26 2024 +0300,Nikodemus Siivola,3,adjust vertical scroll to account for scale shrinking & growth (#2364)
07fb2dfeb8d058c12943254accefd78819f0ba41,Fri Aug 2 00:23:44 2024 +0300,Nikodemus Siivola,4,refactor: simplify Song::setPresetScale() (#2359)
8301cfcad0f5760263321a85d4907d71d9dee0a8,Thu Aug 1 23:08:07 2024 +0300,Nikodemus Siivola,5,simplify Song::setRootNote() (#2350)
c9ec8468335ca69dca536402d9ac393a429ace27,Tue Jul 30 12:44:14 2024 -0400,Sean Ditny,3,Bugfix VU meter rendering (#2355)
dbea7bee44e48eb2a68253637c66e353069b7c45,Tue Jul 30 16:13:00 2024 +0300,Nikodemus Siivola,3,simplify some YNote-stuff (#2356)
0f4dd7cd48d52faf01d4922767da5c4fd5e38252,Sun Jul 28 15:06:36 2024 -0400,Mark Adams,3,remove mpe zone auto learn (#2344)
82eeb573c9f709ccca75e51296841ee0f03113b1,Sun Jul 28 11:27:19 2024 -0400,Mark Adams,4,Bugfix/remount filesystem (#2340)
ab4f0f47b90ac5feca24e5e3dc5e26573495b25e,Sat Jul 27 21:25:35 2024 -0400,Mark Adams,3,init audio file manager when sd read successfully (#2338)
4db5ef86dbe78dbdc9e494d5e692644fd4f58794,Thu Jul 25 13:14:59 2024 -0400,Mark Adams,2,Bugfix - enable large cluster sizes consistently (#2329)
2f3a5fff9294c4792ee3f11a311a8d4ffdbe2231,Tue Jul 23 16:07:58 2024 -0400,Mark Adams,2,switch to default initialization (#2328)
9a7a6230b28c731fa041563338beaa54eaf0751e,Sat Jul 20 18:13:26 2024 -0400,Mark Adams,5,"fix rounding in audio engine, fix optimization bug in scheduler (#2310)"
9c7d66a09397ccb51b3d898f263400d427b614ac,Sat Jul 20 18:06:36 2024 -0400,Mark Adams,5,Feature - offline rendering (#2314)
edbbaac8654e3a3269109fc187b659687fa2eeb1,Thu Jul 18 21:40:50 2024 +0300,Nikodemus Siivola,2,new dbt command: midi-clock (#2306)
bec54209d4006c3e565a35b277b916acc8888016,Mon Jul 15 01:11:19 2024 -0400,baymud,2,Update the link for automation view documentation in community_features (#2295)
bb17adac021735172c76f05c0faa0081577fadc5,Wed Jul 10 20:42:57 2024 -0400,Sean Ditny,3,Add Bass and Treble Freq to Perf View (#2270)
acb34525dbaac64a60519af3a344ba12e250eaf4,Tue Jul 9 21:25:34 2024 -0700,Sapphire Koser,4,chore: delete empty InstrumentClipMinder::opened (#2271)
cf7e00dcd1e9940f64cf227758703e4694f450ab,Mon Jul 8 17:31:20 2024 -0700,Sapphire Koser,4,chore: delete predeclarations for a class that doesn't exist (#2258)
3d7eeb410f7bb81730b4dac6d8f958bae497f89a,Mon Jul 8 21:56:25 2024 +0300,Nikodemus Siivola,2,refactor: split SessionView::SelectEncoderAction() into parts (#2263)
6e7f4f8c7229a903dcd6a71432b775a26ede3ab8,Mon Jul 8 18:26:25 2024 +0300,Nikodemus Siivola,2,Windows configuration for VS code (#2266)
b95123bbd013ccf7505bd7c99da6270a5c66d712,Sun Jul 7 23:09:31 2024 +0300,Nikodemus Siivola,4,delete dead code: UI_MODE_TAP_TEMPO (#2265)
f3fbda960fc0212106b2f18bd43a5519251ba96e,Sat Jul 6 13:45:36 2024 -0400,Mark Adams,3,Don't send multiple clocks at once (#2145)
63c366896df439b0c10fbfe060a1d3b4e9581aec,Sat Jul 6 13:28:55 2024 -0400,Mark Adams,2,Bugfix/dont count stats if the audio routine doesn't run (#2248)
6c4d3b754f910d1edfd6d388b282113ce97b7551,Sat Jul 6 02:14:43 2024 +0300,Nikodemus Siivola,2,refactor: arp sequence length value scaling (#2241)
a1f0620217858510b562f96bf1753c7f1c5fb148,Fri Jul 5 11:42:36 2024 -0400,Mark Adams,2,improved cmake and debug config (#2239)
0503e0df12a89d3cbec59578a2c7c2e6e930f3b5,Thu Jul 4 17:31:40 2024 -0400,Mark Adams,5,"Performance/improve render caching, fix unitialized variable use (#2200)"
a5635714448b064554f29fe0e15d203a5fde82e0,Sun Jun 30 18:35:40 2024 -0700,Sapphire Koser,3,site: update for 1.1 release (#2197)
3e4aee708ee4c5566350bf6dd564b54d671378fe,Sun Jun 30 19:02:57 2024 -0400,Sean Ditny,2,Update documentation (#2184)
ab557a5aab31d874c16ace3a0147a9e211d5bf6c,Sat Jun 29 11:09:53 2024 -0400,Mark Adams,2,save when audition pressed while save held (#2198)
0c28479df1601830ed6ea3a73ec1bb7ef1effb1f,Fri Jun 28 04:34:25 2024 +0300,Nikodemus Siivola,4,refactor: simplify call sites of nudgeNotesVertically() (#2189)
6fdee8e33bb7581111bbf26f93156f033846f3c5,Thu Jun 27 03:13:56 2024 +0300,Nikodemus Siivola,5,refactor/test: extract is-same-note logic from InstrumentClipView (#2187)
ace21c7ddc78e5cbaae31f95ae47a476df9c00ad,Thu Jun 27 00:31:50 2024 +0300,Nikodemus Siivola,4,test/refactor: arpgeggiator::midi_cv::Rate values roundtrip (#2177)
9df2ecfdafda2c1ec2d62fa1239fc38789bbf0e1,Tue Jun 25 16:25:45 2024 -0400,Sean Ditny,2,Clarify Performance View Documentation (#2176)
176108a1d5e05f4210c8289de167dfc0d556d3ae,Mon Jun 24 20:49:17 2024 -0400,Mark Adams,2,initialize scale to -1 and don't revert to it (#2173)
bfedb0cd756505aab50f9e98d1d495a6f3951e93,Mon Jun 24 22:18:29 2024 +0200,Raúl Muñoz,3,Updated Loopy Pro template and docs to allow the use of Automation Feedback on the Deluge (#2165)
50a0cbacc2082471e67d30105e72f3724b091922,Sun Jun 23 21:56:09 2024 +0300,Nikodemus Siivola,5,refactor: share value scaling between RatchetAmount and RatchetProbability (#2146)
84c025b9c0b4dcd97ca3e6ecfda1d5e10059748c,Sun Jun 23 14:55:18 2024 -0400,Sean Ditny,2,Document MIDI Presets Feature (#2152)
35131d27de4cd02d551af3438a22964f8b6ff043,Tue Jun 18 23:37:05 2024 +0300,Nikodemus Siivola,4,tests: arpeggiator::midi_cv::RatchetAmount value scaling (#2125)
9d4a694aa2f9871921e3313b89bac5471ff0d067,Mon Jun 17 12:44:12 2024 -0400,Sean Ditny,2,Refactor InstrumentClipView::auditionPadAction (#2122)
e991b0fab0c2afa29d7661b0c58043e3ec251d03,Mon Jun 17 11:14:59 2024 -0400,Sean Ditny,2,Update documentation (#2138)
8aa506ff864e3bee7e3faa623e42904841d6a068,Fri Jun 14 18:34:00 2024 -0400,Sean Ditny,2,Remove encoderAction flag (#2129)
3219c70db70c924d650ecb0cc52e291c93d957d4,Sat Jun 15 00:33:50 2024 +0200,Raúl Muñoz,5,Persist chord memory to song file (community) (#2120)
7474d94f00568a4f954c50f011c0dd4d7600dd15,Mon Jun 10 21:27:21 2024 +0300,Nikodemus Siivola,4,test/refactor: arpgeggiator::midi_cv::Gate values roundtrip (#2087)
ebb95743ef8617fea898bb2d057d6445d4cee3c2,Sat Jun 8 21:42:54 2024 +0300,Nikodemus Siivola,4,"smarter dbt loadfw, making things easier for new devs (#2089)"
f2fa8d717cd593598f82e88afb105e653723c184,Fri Jun 7 20:58:22 2024 -0400,Sean Ditny,2,Refactor InstrumentClipView::adjustVelocity (#2101)
eeb50c7f35526ddd1d0438300ccf248f8a241c4b,Fri Jun 7 11:44:21 2024 -0400,Sean Ditny,2,Refactor InstrumentClipView::horizontalEncoderAction (#2100)
2fc6d00a5d2696af35bb08d1db1aebee1c24a67a,Wed Jun 5 18:26:37 2024 -0400,Sean Ditny,3,Remove patch param sidechain level (#2094)
9ecc6bfa9272d16dfe2de82f5b2ea3ddb0c48b2c,Wed Jun 5 18:12:14 2024 -0400,Mark Adams,3,Bugfix - don't set sticky shift if a matrix pad was pressed (#2095)
0e096f81e7d2bdd643ebe34aaa572d2cd04c1cea,Mon Jun 3 18:08:32 2024 +0200,Raúl Muñoz,2,Fix scale sidebar column UI inconsistencies (#2090)
be24370e1afe1234d3afdf4190789eaafe5870f7,Sun Jun 2 19:21:53 2024 -0700,Sapphire Koser,2,Fix kit shortcut blinks (#2073)
e5b836b214ca2bb254338928e2e3bd760c1c593a,Sun Jun 2 20:35:54 2024 -0400,Mark Adams,2,Use conditional tasks for song loading instead of scheduled callbacks (#2082)
5ce917f45a3f021ba8b4f9e4cadac294cc7d5063,Sun Jun 2 18:55:09 2024 -0400,Mark Adams,3,Bugfix/startup song loading (#2081)
a4107f1b9e9b1de3c8cbbb78acf060fc145f6bc9,Mon Jun 3 01:31:36 2024 +0300,Nikodemus Siivola,3,bugfix: use normal pan value scaling for reverb::Pan (#2080)
368a871e3246b911d14054e99b1bf3f9a6fee621,Sun Jun 2 18:29:56 2024 -0400,Mark Adams,3,Os/conditional tasks (#2071)
8877236523d076c5392c73ac4cfd05f5d08db45a,Sun Jun 2 20:30:10 2024 +0300,Nikodemus Siivola,2,refactor: share value scaling between unpatched_param::Pan and patched_param::Pan (#2079)
44419e885027e554da447b70d87ef2bbee5ce5fe,Sun Jun 2 19:48:10 2024 +0300,Nikodemus Siivola,4,tests: unpatched_param::Pan::readCurrentValue() & getFinalValue() (#2076)
fc212198b633b5c33f15c4edb888337bfdb45126,Sun Jun 2 11:41:58 2024 +0300,Nikodemus Siivola,5,refactor: share value scaling between PulseWidth and CompParam (#2074)
d5ab4ee59b2278153ddb5dc03574dc0e5df8a5b8,Sun Jun 2 04:07:34 2024 +0300,Nikodemus Siivola,4,tests: CompParam::readCurrentValue() & getFinalValue() (#2068)
96a78f810ef603da1d820de35cd105c6f75f55da,Sat Jun 1 21:39:25 2024 +0300,Nikodemus Siivola,5,refactor: share value scaling between Integer and UnpatchedParam (#2058)
3e6a0879a11fa4b118d3a70eb688654175a7ada8,Thu May 30 23:01:34 2024 +0300,Nikodemus Siivola,5,tests: UnpatchedParam::readCurrentValue() & getFinalValue() (#2057)
45b53d1fb78c494b499419f0724e216a446b261c,Wed May 29 21:55:37 2024 -0400,Mark Adams,5,Add names and usage stats to task manager (#2047)
eb97f3d17859888a7e55a71fb47c0ce38130f8d2,Wed May 29 18:34:27 2024 -0400,Mark Adams,3,Scheduler - reconfigure minimum time to be a gauranteed backoff between calls (#2029)
7ca9a5ef7344d2f50c47d64908168875d352da39,Wed May 29 13:49:08 2024 -0400,Sean Ditny,3,Automation View Cleanup (#2049)
9d87f501c9aaa7e068ce1046c70c5e0166318bbd,Mon May 27 19:16:14 2024 -0400,Mark Adams,2,use inverse multiplication instead of division (#2044)
2e9b543a342d7485d9295793ff259b29e170510a,Sat May 25 16:19:50 2024 -0400,Mark Adams,3,Load songs asynchronously (#1932)
6aceaf2504a243648c15270945a0ac4ed12e3c67,Sat May 25 15:56:39 2024 -0400,Sean Ditny,3,Bugfix automation view shortcut blinking (#2024)
420191901a397093e42e88907035c69637817258,Sat May 25 00:27:21 2024 +0300,Nikodemus Siivola,3,encoders: delete dead code (#2020)
b666d30d52cb7b6641006a81b3a2cd1beb9117c5,Fri May 24 09:37:47 2024 -0400,Sean Ditny,3,Bugfix - clear automation overview in kit when no drum is selected (#2009)
ad1cb61e5b82dff51c70fa30d0f1ebe2f080aef7,Thu May 23 21:14:15 2024 -0400,Mark Adams,2,read patched params if the mod controllable is a sound (#2008)
40d78164ba911edfe429c3d45483ba8b471d7e84,Wed May 22 19:35:46 2024 -0700,Sapphire Koser,3,debug: better audio logs on soft cull (#1988)
3696aa01936a89bff87a126e9b69f474445eb84e,Tue May 21 05:32:38 2024 -0400,Sean Ditny,3,Bug fix - performance view - default value gets lost + some other minor bug fixes (#1981)
0439d1e57aa55e9b47eaa1daa4d0c20edf0283a3,Tue May 21 05:28:39 2024 -0400,Sean Ditny,2,Bug fix performance view param editor rendering (#1980)
81de9447dc96a7d2f1f9aebf65f1d734b144143d,Mon May 20 19:46:23 2024 +0300,Nikodemus Siivola,2,continuous getTriangle() with tests (#1968)
39145d0401af9b599035301abc4700366accf1be,Sun May 19 20:29:11 2024 -0700,Jeff Way,5,Ease timeline zoom level restriction (#1962)
4cf34f26344d094c9dc62ece59d5f3508701c569,Sat May 18 13:22:20 2024 +0200,Mark Adams,2,TaskScheduler/FillBusyWaitTime (#1925)
411242c7c3bbef512eae4143485bd775567a0bb5,Fri May 17 12:10:02 2024 -0400,Sean Ditny,2,Update perf view documentation (#1944)
637522a0cedf3e2e688a4c427bde187ae6b368cd,Tue May 14 21:06:31 2024 -0400,Sean Ditny,5,Bugfix VU meter rendering issues in performance view and automation arranger view (#1923)
3d5f30bd2595208945f57f04b2c89443cdaf24fc,Tue May 14 20:58:57 2024 -0400,Sean Ditny,2,Fix transition to keyboard screen (#1915)
9f20b5da797191ad28118fe5c96014a8b6a02fd6,Tue May 14 19:12:28 2024 +0300,Nikodemus Siivola,2,LFO: S&H and random walk step properly on overflow (#1926)
58e916f8f92ef835894d5509c97c2e94614a9627,Mon May 13 14:22:13 2024 -0400,Mark Adams,2,Bugfix/adding and removing tasks while running (#1916)
4193c8538b1bd340524930ac73162423ee411e2f,Sun May 12 22:23:36 2024 -0400,Mark Adams,2,Bugfix/scheduler segfault pri0 tasks (#1914)
27227fef67145d33df08529035a1ec958a891d09,Sun May 12 21:14:30 2024 -0400,Sean Ditny,4,move constants out of definitions + refactor perform view (#1912)
414a15c5963ecfffcd2755f3d2252daf86500374,Sun May 12 21:14:19 2024 -0400,Sean Ditny,3,Fix explode / implode animations to/from arranger / grid views (#1749)
8f790399690fcf00b428707b0d2090df1a0ba13b,Sun May 12 18:14:23 2024 -0400,Sean Ditny,5,Automation View ~ Refactor and update shortcut for pad selection mode (#1898)
84f52e9b1a9f1e8191e63fe8dd7af4fdf64ac4dd,Mon May 13 00:07:50 2024 +0200,Raúl Muñoz,2,Make cycling from 5-note scale to 7-note scale non destructive (remember note positions) (#1895)
2d5a48e2c2fa7378322f5d45b19687ccc995f07e,Sun May 12 19:16:27 2024 +0300,Nikodemus Siivola,3,dbt: task-test.py runs tests in addition to building them (#1899)
d79627e4163b8aef30e7d66c4abedb7a1097b657,Fri May 10 18:29:15 2024 -0400,Mark Adams,3,tests/fully mock time for testing the scheduler consistently (#1887)
c9d98050428f3e55803840709a9b5591707a37e7,Fri May 10 15:51:00 2024 -0400,Sean Ditny,2,Automation View Shuffle couple functions around (no code changes) (#1883)
7573262db7765f9813c5d1466226a37af53ed1e3,Fri May 10 15:26:23 2024 -0400,Sean Ditny,2,Refactor shortcut pad actions (#1877)
d8cb26cc979f979a33d1a4728bcaf9cb908edddd,Fri May 10 18:10:55 2024 +0300,Nikodemus Siivola,2,use array initializers in scale code (#1880)
4be23644822a258bc39fd0cccb100fc10a87244b,Fri May 10 10:18:15 2024 -0400,Mark Adams,3,Scheduler/runonce tasks (#1879)
4dd3a4643d15d1b41f1f05e037d70fefde0439af,Thu May 9 14:51:56 2024 -0400,Sean Ditny,2,Refactor drawDrumName (prep for velocity editing view) (#1868)
b169be511552fc6db93217747f6335ade05a4f4e,Mon May 6 11:26:02 2024 -0400,Sean Ditny,4,Bugfix Midi Follow Feedback (#1827)
125dee83159ebac546f65183d2e96758e726f8bd,Sun May 5 17:32:35 2024 -0400,Mark Adams,3,use midi follow cc checking for loopback to make automation straightforward (#1828)
e71848c01f58d4433305c64453c95807d9e0b8a7,Sun May 5 17:32:03 2024 -0400,Sean Ditny,2,Optimize Automation View Rendering (#1814)
e44b529f1e939fb1004261b0e659e6504d381b27,Sun May 5 05:38:52 2024 -0400,Sean Ditny,3,Bugfix midi follow crash if clip is deleted (#1833)
4259b822906899565a0168d422bd7467b00352e6,Fri May 3 20:14:09 2024 -0400,Sean Ditny,2,Added kScrollTime constant (#1825)
cdc1c057349c15ad9dd3117a84017a5c1ed1343b,Fri May 3 13:30:42 2024 -0700,Sapphire Koser,4,song: use 1.0 base makeup gain for compressor (#1767)
ed6393d08ea62bec98ad08f588e2fd53ecfd5ce4,Mon Apr 29 23:06:07 2024 +0200,Raúl Muñoz,2,Always read the old “mode” arp param (later overriden by new params) (#1800)
2a406c54bae8f6e362e0a9a1c03c4f027686a323,Sun Apr 28 17:05:24 2024 -0400,Mark Adams,4,Workflow fixups - correct names and tags (#1775)
50fb9965ba56d384f673300148cc2dc885acf852,Sat Apr 27 19:25:36 2024 -0400,Mark Adams,4,cache whether the instrument is on card to avoid re checking (#1783)
4b8338d483808eee37c120bece8ed4b725f43049,Sat Apr 27 17:06:09 2024 -0400,Sean Ditny,2,Remove stale change log and community features documentation entries for automation view (#1770)
099b8a988d525f870dc80b1ea18e774b8599a0a5,Sat Apr 27 17:06:00 2024 -0400,Sean Ditny,2,Bugfix - Adjust Perf View Hold Press Behaviour (#1771)
c663f9ddaac1ddc03fe466ffd1a407f51b67d368,Sat Apr 27 16:32:06 2024 -0400,Mark Adams,5,"add option to ignore patched params, add static assert to check parsing (#1778)"
1fb8b0a1fd1fab9439e93154f16ad5e390fdf19e,Tue Apr 23 17:52:39 2024 -0400,Mark Adams,3,"Performance improvements - make a static voice array, limit each sounds polyphony to 16 (#1751)"
d9e2d630df8f257d94f8f46bc2eb919882d3ef0f,Tue Apr 23 08:32:32 2024 -0700,Sapphire Koser,4,genfile check: use git diff instead (#1757)
5733c85de2f613bf170cac82e758bdd6b761b6c1,Sat Apr 20 21:15:11 2024 -0400,Mark Adams,3,Bugfix - move force cull to old hard cull threshold (#1743)
2432aa5db35ff6b658e754195cfdaf283c9d8297,Sat Apr 13 15:08:43 2024 -0400,Sean Ditny,5,"Bugfix - Allow use of sidebar when VU meter is active, but on different mod selection (#1722)"
03745f779c60070b8e426784139b1ee569f86831,Sat Apr 13 21:03:21 2024 +0200,Tim Weber,3,"Add update instructions to website, readme, and releases (#1716)"
c6c2df34bc5a0f83746fafe363ccb1bf33b861d4,Fri Apr 12 15:07:55 2024 -0400,Sean Ditny,3,Revert change to load audio clip sample without timestretching (#1712)
0c4b05b8101d5b9b9559fa836506f8bb9b618da0,Mon Apr 8 22:46:08 2024 -0400,Mark Adams,3,Bugfix/fallback for files saved with incorrect tag on nightly builds (#1690)
6dd4a5b15144ab4e953594bd3a64c7a466e16935,Mon Apr 8 19:30:06 2024 -0700,Sapphire Koser,3,Fix note-on ignoring during quantized record (#1687)
3cc791632cbb47579860477b3c5f9158a9942ee9,Mon Apr 8 13:45:44 2024 -0400,Sean Ditny,3,Bugfix - set current clip as active clip if possible (#1685)
502dc21f171026af15d95051f5b02e2dcb1c1f73,Sun Apr 7 20:08:24 2024 -0400,Mark Adams,3,Bugfix/midi load error arranger (#1684)
7949a07c16b1c3b5ca86dcc6344cc1f6c7f97f9f,Sat Apr 6 11:55:41 2024 -0400,Mark Adams,2,rudimentary api for os timer (#1666)
3e5a6d33d887b657ef276b338d2d999d473aa48b,Fri Apr 5 13:46:13 2024 -0400,Mark Adams,2,prepend build type to artifact name to dedup (#1672)
199e23df52d9d5ec9e59a01ee505ef9fb370a6db,Wed Apr 3 20:57:43 2024 +0200,Raúl Muñoz,2,Arpeggiator param saving for Midi clips fixed (#1636)
202fadbc1bf3c4e5916573d485c1034c9d1d124a,Wed Apr 3 10:32:36 2024 -0400,Sean Ditny,2,Update VU meter clipping threshold (#1657)
10a751fe12e174e337ba1fb0ed4a4af8d7055b4f,Wed Apr 3 07:29:11 2024 -0700,Sapphire Koser,4,remove dev vars (#1630)
5f064365c49b1b9b7fad18bb2e2def3bf2d40935,Wed Apr 3 00:53:54 2024 -0700,Sapphire Koser,3,rms compressor: increase base makeup gain (#1655)
45de91f282a252e1215a1ff78c8d58e34c1664ee,Mon Apr 1 20:15:24 2024 -0400,Sean Ditny,2,Document Deluge Menu Hierarchies (#1218)
934ea0c7578b8f47d9c3cf6d8a67b6233ade07b2,Mon Apr 1 11:29:11 2024 -0400,Sean Ditny,2,Update default slice mode (#1602)
122407d20e8bd7c1feb9500a4d63d046f3ac0f09,Mon Apr 1 11:21:09 2024 -0400,Sean Ditny,2,Display master compressor param names (#1613)
df0d8903380afa618b84dffa116053a28f545e7c,Mon Apr 1 18:15:19 2024 +0300,Panu Matilainen,2,"Make the SysEx identity reply standards compliant, doh (#1640)"
d30653ebe2c831679dff36bb0b8a76b98ce7471e,Mon Apr 1 12:55:43 2024 +0300,Panu Matilainen,5,Implement Universal SysEx Identity response (#1639)
951a1c0fcaf980c5d942d150f379e677ca6df9ef,Sun Mar 31 20:25:01 2024 -0400,Mark Adams,2,dont render compressor when threshold is zero (#1628)
58f6460780f39ce71b3ad3dd82bc7fe9b276f2c9,Sun Mar 31 15:30:39 2024 -0400,Sean Ditny,2,Associate Global LPF/HPF Morph With the Right Grid Shortcut (#1598)
e897288671e90279f572eecb33c22d64b10f3dcb,Sat Mar 30 20:02:03 2024 -0700,Sapphire Koser,2,Maybe fix compressor gain staging (#1618)
dcd119ecd800f1a9f918267dbb454d85a33f2f5d,Wed Mar 27 22:36:47 2024 -0400,Mark Adams,2,Bugfix - restore compressor operation (#1611)
f3f9b31e90c8680f7cd7753d01cb6e74b708a7c7,Sat Mar 23 20:11:47 2024 -0400,Sean Ditny,3,Add compressor threshold to automation view list (#1573)
57f97410f12804ee839cca44fcef1754f776f5e3,Sat Mar 23 16:31:43 2024 -0400,Sean Ditny,3,Update session view detection (#1566)
6130f418b7407e4446d1f49805c7681fb9f8c0fa,Wed Mar 20 21:00:40 2024 -0400,Sean Ditny,3,Bugfix - Don't allow converting audio clip to instrument clip (#1532)
cef22f77ec9833e4e8c46aee495329607ede1183,Wed Mar 20 19:24:54 2024 -0400,Sean Ditny,3,Blink the correct patched param in mod matrix and patch cables (#1529)
24a6d0ab232a2a26d3525e15a608f0ca95b6c035,Wed Mar 20 19:23:50 2024 -0400,Sean Ditny,5,Fix multi range menu text highlighting (#1526)
d490c0b2690ab8f8a636cf1182afe1a873e7d0e2,Tue Mar 19 17:00:34 2024 -0400,Sean Ditny,3,Add Arp Rhythm to Automation View Select Scrolling (#1501)
aa3577efa1efa84bf3cf5bcad84811ccd579eef9,Tue Mar 19 17:00:03 2024 -0400,Sean Ditny,2,Bugfix kit row audition pad rendering (#1505)
968421ee3da42bb5418731449b30da84b1f05d74,Tue Mar 19 16:46:06 2024 -0400,Sean Ditny,2,Bugfix - Sample waveform scrolled outside sample size (#1518)
69bed5ca3f4c8cde63366d2f373e9b408aefe77c,Tue Mar 19 16:45:17 2024 -0400,Sean Ditny,3,Fix Portamento Grid Shortcut Crash (#1517)
ee8a3f0596dd439546dd2103b09269d3a491e244,Tue Mar 19 14:20:11 2024 -0400,Sean Ditny,3,Blink Play Button When CPU Direness High (#1506)
9f99e8bfa3661ef2c66fa4207df4d12b1056b2b8,Sun Mar 10 22:10:27 2024 -0400,Katherine Whitlock,2,Fix ping-pong delay (#1473)
f0fe228ec553f173ff82b3d2a5ff3cd666ac410b,Sun Mar 10 12:52:49 2024 -0700,Sapphire Koser,2,loop lock: prevent start point disable during locked loop movement (#1461)
22b896d4f8b742feebef8c2278cd4845097ab948,Sun Mar 10 12:51:57 2024 -0700,Sapphire Koser,2,Fix audition pads for kits while loading (#1459)
b3184bba5323bf5b88fd29bb75cd9ba3a9133bc7,Sat Mar 9 19:13:31 2024 +0100,Moritz Weigt,2,"dbt Loadfw: add write to file option, remove c version (#1458)"
d3c519361e4e08ba92265c67a6f2b7dcf4dc92af,Thu Mar 7 21:36:05 2024 +0100,Moritz Weigt,2,Fix SysEx Firmware Load (#1446)
e3427c5cd09c0f8148de9766acb946defced9d0f,Thu Mar 7 14:46:41 2024 -0500,Mark Adams,2,sample constants to be signed (#1449)
ff81816b839c0da50c1ddcfda79616efa200007f,Thu Mar 7 00:18:47 2024 +0800,Jonathan,2,default pad brightness : 4-100 value from UI with 4-step offset (#1427)
bfc0fada2eb01f5162578a1dc1cd6d1dcfe5c5d7,Mon Mar 4 10:45:15 2024 +0800,Jonathan,2,added documentation for startup song failsafe mode (#1424)
21c4a75a9312fda96830e05179998d23e83e5f83,Sun Mar 3 13:58:07 2024 -0800,Reed Koser,2,Add documentation for count-in bars (#1419)
b41038be02d90cedeadf1c20d614a53f8f5198d6,Sun Mar 3 15:46:26 2024 -0500,Mark Adams,3,Bugfix/menu relevance (#1417)
980d57ff9633fa25ddb347fee3f707e46085feac,Mon Mar 4 03:30:40 2024 +0800,Jonathan,3,failsafe mechanism for startup song feature (#1413)
e0f4e24889ea4ba6b97a8480b7a0b1d87fae8800,Sat Mar 2 17:33:39 2024 -0500,Katherine Whitlock,2,Possibly fix bug with switching rapidly between configs (#1392)
6b90703fbc172fd1a85958ed8502b87d2f727054,Sun Mar 3 05:42:54 2024 +0800,Jonathan,4,Make startup song feature more robust (#1400)
785cd63e15cf2519ef7042f3c01b5b283c4efb83,Tue Feb 27 14:57:06 2024 -0500,Katherine Whitlock,2,Fix test result reporting (#1364)
306f24159c8d5b4b95c33b72374f287ef2e92840,Tue Feb 27 14:14:18 2024 -0500,Sean Ditny,2,Update PR #970 in community features (#1360)
93b75664c2e7d80174bf22ce653f04d882c8826e,Tue Feb 27 12:36:13 2024 -0500,Mark Adams,2,Bugfix/allow bypassing min voices (#1357)
d4997333e0aba74cbd7d6161a620ddf87943c71d,Mon Feb 26 00:18:31 2024 +0100,Raúl Muñoz,2,"Fixed Scale cycling, which was not possible from OTHER SCALE even if you emptied notes (#1340)"
a343a10eda39cf59009fd806b2d363fe80204d65,Sat Feb 24 18:20:26 2024 -0500,Mark Adams,4,Remove recursive render and include attempted audio clips in min voice calculation (#1316)
43aee22a13f2f37e5af8ddd209ea87a9fb57c4cb,Sat Feb 24 14:14:44 2024 -0500,Katherine Whitlock,3,Fix Mutable Reverb HPF Noise (#1289) (#1320)
5a4476cb1d7fe50bf73289cabae3786f00a34b66,Fri Feb 23 21:33:09 2024 -0500,Sean Ditny,2,Review IO folder comment placement for better code wrapping (#1300)
ebae0ef8ea15f3d098f313a0615d004cdd62f26d,Sat Feb 24 03:08:48 2024 +0100,Raúl Muñoz,4,Flash OMODE and NMODE for 7Seg users when setting CUSTOM arp mode from pad shortcuts (#1309)
f9b9ac35a1b080ad05ab75ea8195fe9814eac7b2,Fri Feb 23 10:05:31 2024 -0500,Mark Adams,3,tweak thresholds (#1299)
f25823ef5a62e89b60977b5f81d4f20624ad13c5,Wed Feb 21 21:55:56 2024 -0600,postsolarpunk,4,fix norns view highlighting and separate it from note highlights (#1257)
c286ad1752f2c9f895d3f6a33368e051393b2f6c,Wed Feb 21 03:30:06 2024 -0500,Katherine Whitlock,4,Convert LATE_START_ATTEMPT enum to enum class (#1283)
e42b9ba019ee97992c6242039d7aaa7586c33799,Tue Feb 20 20:30:55 2024 -0500,Rob McColl,4,Fix vertical encoder triggering horizontal handler in column controls (#1279)
08edab5042b77165ccacc491c05e0d4a45a9468a,Mon Feb 19 19:22:32 2024 -0600,Jamie Fenton,2,Remove unused routine (#1262)
a176bbf854bcf6b1b6adc2122f90fe021d63e2a8,Sun Feb 18 15:10:43 2024 -0500,Mark Adams,3,update workflows for 1p1 release (#1254)
b18d172b84d3adf2c1ca1f453787682d408c5415,Sun Feb 18 12:09:45 2024 -0500,Sean Ditny,3,Fix shortcut blinking + parameter selection bug (#1236)
dadd4124b1ffa8b40bd54defc4295f4629c2cb4d,Sat Feb 17 12:27:24 2024 -0500,Sean Ditny,2,Bug fixes for stutter (#1247)
55c8e634a6aecf4bbad27b45d9b94db82c76b7f3,Tue Feb 13 20:34:57 2024 -0500,Sean Ditny,2,"Revert ""Bugfix / Automation View - Calculate and Render Average Value on Auto…"" (#1227)"
d259263dececf5060d5f388c5a804a7c1598902c,Tue Feb 13 16:18:12 2024 -0500,Mark Adams,2,Remove constructor for column keyboard since song/instrument doesn't exist yet from a cold boot (#1224)
79f49471aaecbfeec6afb8988ae0be07769a4332,Sun Feb 11 14:46:36 2024 -0500,Mark Adams,4,Refactor/move midi match to kit (#1208)
e04ec5146e0928f69432be4c68cb9159624479aa,Sun Feb 11 10:17:24 2024 -0500,Mark Adams,2,correct cast in get current kit (#1207)
a2ce544dc73742a34ee2d5604001091b3f56176a,Sun Feb 11 00:10:55 2024 -0500,Sean Ditny,2,Bugfix / Adjust midi follow kit root note drum indexing code (#1206)
916e94ba50b9fa900b47b75051f3a31189386422,Fri Feb 9 18:57:27 2024 +0100,Raúl Muñoz,4,Enable sysex logging to console by dbt command (#1199)
efdbb4e5075475f80d414b59186f0f64eae19b6c,Fri Feb 9 09:24:53 2024 -0800,Reed Koser,2,toolchain: fix setup on windows (#1171)
f13a39a42858cc5c05f967a1a0d194099e7bee65,Fri Feb 9 18:23:36 2024 +0100,Raúl Muñoz,4,Fix Lumi scale support (#1138)
9575ac0d5d7f79deb31a9ca08c3f279b39f437af,Thu Feb 8 21:28:50 2024 -0500,Mark Adams,4,Bugfix: Midi feedback crash on opening kits with deleted kit rows (#1192)
450e2c800329156a048d1b4e31e9afc2dc8bbb13,Thu Feb 8 18:55:29 2024 -0500,Sean Ditny,2,Set correct playmode for alternate arranger views (#1193)
15212a2d983aa1cd4dda10a211fd691782c4148a,Thu Feb 8 14:07:39 2024 -0500,Mark Adams,2,Bugfix/non functional mod controllable check (#1196)
f3da8e41ac3dda44d6c4d7b6048409d424f5e1be,Mon Feb 5 20:14:36 2024 +0100,Moritz Weigt,2,FIX: resetting Deluge to factory default settings by holding Select and powering on doesn't work #1153 (#1169)
d4060c1b246537ed9902aec2fdbc0330ae660799,Mon Feb 5 00:48:29 2024 -0500,Sean Ditny,2,Bugfix / Automation View - Calculate and Render Average Value on Automation Editor Grid (#1155)
64e92131786060b9dc764098124eea5cde2b181f,Sun Feb 4 08:03:48 2024 -0800,Reed Koser,3,voice: fix noise+stereo spread going out of control (#1168)
2b200bdc60c6f7036c53cc8124f6aa75313f0566,Fri Feb 2 16:16:01 2024 -0500,Sean Ditny,2,Enhancement / MIDI Follow - Allow unlearning MIDI Follow Channels with Select Encoder (#1150)
c113753f31ba5e9e06c19bb3e08728dd328cab32,Fri Feb 2 16:15:47 2024 -0500,Sean Ditny,2,Bugfix / update some 7 seg strings (#1149)
03752da32df2e39e8a18a11d76bac4ffb38e4056,Thu Feb 1 17:23:44 2024 -0500,Sean Ditny,4,"Align top-level menus for Song, Audio, Kit, Synth, Kit Row, and Performance (#1158)"
8e6b36202acc0e2c2bf969ebf609519938d486ce,Tue Jan 30 14:18:32 2024 -0800,Reed Koser,2,optimize buffer destruction (#1132)
b819a74bf34920edc970d34703493367181c7c95,Mon Jan 29 21:35:08 2024 -0800,Reed Koser,4,Fix sysex loader v2 (final) (Really Final) (FINAL FINAL) (oops deleted old branch) (#1126)
3860a17dbd22011cc605517d4b55434ccdb78c3d,Mon Jan 29 14:53:32 2024 -0500,Katherine Whitlock,2,Run Black formatter on save of python files (#1121)
a84f586a2fc2bb4f9f6e4364292053deef724153,Mon Jan 29 19:23:48 2024 +0100,Moritz Weigt,2,"loadfw: default sysex delay 2ms, clarify help message, fix pad led progress display (#1119)"
f962f9b317bb81bc27456eb84d3fed7dd48b70ef,Mon Jan 29 13:18:25 2024 -0500,Sean Ditny,2,Bug fix for Mod Button Popups (#1118)
922a59fb11965df166e66da876a716f837a76884,Mon Jan 29 12:10:50 2024 -0500,Mark Adams,2,Bugfix/xml parser sanity check (#1106)
7741ee3153e6044561ca3fcd2ef62bf40bc56671,Mon Jan 29 05:39:51 2024 -0800,Reed Koser,4,Improve performance of note quantization. (#1113)
40142655bb495db88a07d48d6650550ac0ed5181,Sun Jan 28 20:27:39 2024 -0500,Sean Ditny,2,Documentation / Update change log (#1105)
6cf87ee9a4e538b43310b4cd74ccde7e79004b62,Sun Jan 28 13:48:49 2024 -0500,Katherine Whitlock,2,Add clangd completion engine to VSCode (#1077)
416d140d576c62d0ddf3c6f38ee0ef49972773ef,Sun Jan 28 13:22:51 2024 -0500,Katherine Whitlock,2,Add util::map and expand Mutable parameter range (#1102)
3e6b6c33adaf27410ca711a45d49058bc26d2c2e,Sun Jan 28 12:45:02 2024 -0500,Sean Ditny,2,Ensure valid param collection (#1041)
7555463de4371873529bca1bf4d84289d1c7ccda,Sun Jan 28 00:31:27 2024 +0100,M0R172,2,First (#1078)
bb91bbbdb7933b3b026040855f33cb0b3c104c78,Sat Jan 27 12:14:35 2024 -0800,dependabot[bot],3,Bump the all-actions group with 6 updates (#1092)
82f803f6162c56610f9d00ea4b039c480c6f4c10,Sat Jan 27 20:37:39 2024 +0100,M0R172,4,"Sysex Firmware load: Deluge pads as progress bar, Fix oled wrap bug (#1079)"
6625f3edcf4077ee447e7947f638cc4c30a2cab7,Thu Jan 25 15:28:22 2024 -0500,Katherine Whitlock,5,Update version of actions/checkout used (#1071)
b4168e2b190076c2a8d896e2df204ab8b55bb13c,Thu Jan 25 10:45:56 2024 -0500,Sean Ditny,2,Documentation / Update Touch OSC template and picture link for MIDI Follow (#1066)
4baa5bdd8a365ca4715e7f66b26e774dcbcec60c,Thu Jan 25 15:54:35 2024 +0100,Raúl Muñoz,2,Update TouchOSC template using midi channel 15 (as the Loopy Pro template) (#1068)
4cc496a5ca06616e9c75a334f08deead837cbf29,Thu Jan 25 00:48:16 2024 -0500,Sean Ditny,4,Documentation / Add Touch OSC Midi Follow Template (#1053)
5bfef42da54ed8b86a99001a2747f14c1963e47b,Wed Jan 24 15:15:38 2024 -0500,m-m-adams,2,update workflow and ignore format for blame
b29a2481455a30b8a6792046fcb900dffe9f5b0f,Tue Jan 23 17:52:13 2024 -0500,Mark Adams,2,remove stray debugging code (#1040)
2658308e42d3f9ae4f355c6c507b1973336eaa49,Sun Jan 21 14:08:07 2024 -0800,Reed Koser,4,build: use a separate static library for GUI files (#1022)
9564ff945f59f2e82a814404b9838966b20f33d8,Sat Jan 20 17:52:54 2024 -0800,Reed Koser,2,Fix param file name generation (#1025)
ba3667bed13bfa768311b09ca3c984fc669c19c2,Sat Jan 20 02:58:44 2024 -0500,Sean Ditny,2,UpdatAdded Loopy Pro template link (#995)
338cf95d37deede6c02e90c344e57de024a69c04,Fri Jan 19 20:04:24 2024 -0500,Katherine Whitlock,3,Fix off-by-one issues with imageStore and occupancyStore (#1020)
6ecec2b63b547593fd0b571f226c999eb7563b34,Fri Jan 19 14:53:17 2024 +0100,Raúl Muñoz,5,Feature: NOT FILL probability iteration for notes (#994)
fefa183052d5a9a905df3287e4305ea8e6f1e3a7,Fri Jan 19 06:15:33 2024 +0100,M0R172,4,Issue #471 Saving settings to SD card can silently fail if card is in RO mode  (#1001)
4ef58055d51d1d4dde5ad6a22683b6c5fdc861e7,Thu Jan 18 03:08:38 2024 -0800,bobtwinkles,5,refactor: paramNeedsLPF to params.h
a185e070039819f7e7a2460752e5e75652aaacb1,Thu Jan 18 01:26:13 2024 -0800,bobtwinkles,4,refactor: move PatchedParamShortName to param header
b303e1c42fa7a420038751151c78736b7b21853c,Thu Jan 18 01:23:11 2024 -0800,bobtwinkles,2,fixup: use correct constant for max patched params in sound context
b193a731de9c977e8a70eeb6edece20310052b94,Wed Jan 17 02:23:36 2024 -0800,bobtwinkles,5,refactor: move isParam* checks to param namespace
316279c5e091cdeb7d50828e407789966fb53abc,Tue Jan 16 19:52:06 2024 +0100,Raúl Muñoz,2,Added Loopy Pro template for Midi Follow (#976)
8b4728a30ed8101e6d8f6d1c2dd4c4d6ada8df37,Tue Jan 16 13:25:47 2024 -0500,Sean Ditny,3,Minor Fixes (#992)
a26ec811231df30c83e3705b2e33f0482a44f18d,Tue Jan 16 13:24:27 2024 -0500,Ben Alman,3,Improve dbt format and add format-on-save support for VS Code (#977)
b1f035bab58c254c8b68a3e7c2dc3dc71df8ca28,Tue Jan 16 10:20:48 2024 -0800,Reed Koser,4,dbt: only do python setup if the toolchain is freshly unpacked (#981)
161675beec3831258abb96faa7bc5f90478d63bb,Sun Jan 14 15:51:50 2024 -0500,Sean Ditny,2,Bugfix / Midi Follow ~ Add Midi Follow Setting Flash Storage Checks (#974)
09d08a8c121945b34d84c4f52d47a6cde28ec5d1,Sun Jan 14 10:33:36 2024 -0800,Reed Koser,3,Fix offline build for test binaries (#971)
82e53a872ce18592c7bfd4066da3617575aa261f,Sat Jan 13 13:41:10 2024 -0500,Mark Adams,2,Bugfix/sync levels (#957)
a5a6fd056df41ef7f713e5642e5b338ae3b0f5dc,Fri Jan 12 21:47:26 2024 -0500,Mark Adams,2,Bugfix - allow midi CCs to properly trigger launch commands (#961)
b4c3efdd9073afba2f5537972d9cc493942874d7,Fri Jan 12 10:13:16 2024 -0500,Sean Ditny,5,Updated Load / Save shortcut in Performance View (#959)
6af3c7cae12a105bae71c5413cedfe6eec6bca7b,Fri Jan 12 09:55:43 2024 -0500,Katherine Whitlock,3,Add lowercase rendering for 7SEG (#783)
df942a0d806c1c7f6f5047b6d3ed68c59c6e5e80,Wed Jan 10 23:05:34 2024 -0500,Sean Ditny,3,Set Global Effectable Default Mod FX Type to Disabled (#945)
56a5c3e5b2d8e8e5545893de9685bbedb87a7806,Mon Jan 8 18:53:12 2024 -0500,Sean Ditny,5,Bugfix / MIDI Follow ~ Add control of Performance View Song params   (#911)
6cd011f78240e82c6d82ac219071b629a0b51f06,Sun Jan 7 18:25:52 2024 -0800,Reed Koser,2,view: only check param kind when autoparam valid (#928)
7eb8a97ea46a9500f9fe5503738d7e42fcb49203,Sun Jan 7 21:23:57 2024 -0500,Sean Ditny,3,Bugfix / MIDI Follow ~ Update Automation MIDI Clip View for MIDI Follow CC's (#927)
b9d6b905095637fbd2b273cc3ec7eca64456134b,Sat Jan 6 21:47:28 2024 -0500,Mark Adams,3,ensure clip is an instrument before setting edited flag (#922)
da5d731cb37b97db64327bfdf7107cf91a839678,Tue Jan 2 23:40:08 2024 -0500,Sean Ditny,2,Remove Mod FX Type Menu & Invalid Menu Shortcuts (#908)
637b301dea8f312d4921609277544554bf6200ba,Thu Dec 28 13:27:44 2023 -0500,Mark Adams,2,Kit bugfix: Only match MPE member channels if received on last channel auditioned (#899)
fec359a42fed7667e204d1acb798f0eabfa6ee81,Wed Dec 27 10:36:20 2023 -0500,Sean Ditny,5,Remove Some Params from Global FX Menu's and from Automation View (#886)
e2e44453b7cbcea7580eafbfb7c327a6af761b7f,Wed Dec 27 00:02:05 2023 -0500,Mark Adams,2,Seperate receiving midi from matching in kits and synths (#862)
f9701923d709798ccda8199f0612fb5c91956ef3,Tue Dec 26 23:03:59 2023 -0500,Sean Ditny,4,Bugfix / Invalid Param Collection in getModelStackWithParam for Automation/Performance View (#883)
a3fd2dd9b24226eac9f1afacf9a2e120a80f737b,Sun Dec 24 18:05:37 2023 -0800,Reed Koser,4,Add automatic build protection for tests (#879)
66d8b3fcd1c5887c80d6ce9cac7c971da1c7b275,Fri Dec 22 20:19:12 2023 -0500,Mark Adams,2,MPE fix - allow note offs on channel 16 (#864)
5bc1a6cd3a21b7e46b33467341ceb8c794075640,Tue Dec 19 15:18:56 2023 -0500,Mark Adams,2,Fix upstream usb midi port reversal (#858)
fa1097063ad1b936ea3b53e6a38d759862d4a0cc,Sun Dec 17 13:40:58 2023 -0500,Mark Adams,4,move user friendly MPE match function from melodic instrument to learned midi (#833)
480c85a26250b2368e7bd84b5cdefe0e99e45f6e,Sat Dec 16 12:38:43 2023 -0600,Sasha Devol,3,Allow single row copy. Allow gentle paste (#805)
6a8748855ebeac5b7d0f6c92fd1c1551ebd8a47d,Sat Dec 16 11:39:20 2023 -0500,Mark Adams,3,"Revert ""Added new scales (#826)"" (#835)"
3d583dbd6c0f87d6e7cbb1b987e67034b7155d2a,Thu Dec 14 21:35:44 2023 +0100,Raúl Muñoz,3,Added new scales (#826)
6db3b3b317119d6489f2d9e70d40f6625d7143ca,Thu Dec 14 05:11:45 2023 +0100,Tobias Pisani,2,session view: Allow clips to be selected while shift is held (#817)
974247ecdda5bc366c589f3fdce34adec6892257,Tue Dec 12 16:33:55 2023 -0700,Aria Burrell,2,Prep for dbt-toolchain relocation. (#814)
f20f8f6d4a41763a3be1c01aee034bc28f549588,Sat Dec 9 12:11:27 2023 -0600,Sasha Devol,4,"Show human note name instead of integer note number, refactor (#774)"
fe31a4f9b112890b163157969097788eb81314ff,Sun Dec 3 22:51:51 2023 +0100,Paul Freund,2,Update blackbox image link
56cc8a0e09aee884a786035ec8acdcd76d992933,Sun Dec 3 21:42:29 2023 +0100,Paul Freund,3,Proposal for release page (#776)
bd7a9ac60dfbf407cfc0b554d9a87d9876917cbd,Sun Dec 3 21:38:47 2023 +0100,Paul Freund,3,Update build scripts and version number
2cadb0a9e5f918d46c24f82fb63e003ef82597a5,Sat Dec 2 22:45:27 2023 +0100,Tobias Pisani,3,Turn haveOLED and have7SEG into non-virtual calls. (#757)
e92f6b216174d4a2de2de9afc037da9843d9805b,Sat Dec 2 13:24:13 2023 -0500,Mark Adams,5,rescale metronome volume (#780)
dd392f4d3672a3d2c782e7eef577949f45d2f53d,Wed Nov 29 16:27:09 2023 +0100,Paul Freund,2,Bugfix/grid record arming (#768)
7ab16d6315cb23d06479e4721b092ae1d277c586,Mon Nov 27 16:12:44 2023 +0100,Paul Freund,2,Update build toolchain to RC
853f85ce857c99d5b7b3609620e7928d293c848d,Mon Nov 27 10:10:58 2023 -0500,Sean Ditny,2,Fix popup values displayed on 7SEG (#766)
aa1f45a69416469d4c0dfbd9c2c6b4ef4e8dc069,Sun Nov 26 03:54:54 2023 +0100,Tobias Pisani,2,Use the NAME shortcut in audio clips to rename the audio track. (#754)
4c959c6608b9fd18d7858b3e6d93b11d907a21c7,Thu Nov 23 02:33:28 2023 +0100,Paul Freund,2,Fix #741 and #743 - Horizontal encoder button in Grid mode (#748)
d5331ed40f2a86c5a62dbe18488e5c9a477874fd,Tue Nov 21 23:51:40 2023 +0100,Paul Freund,2,Fix Shift then row then scroll (#737)
4b10fbcbe666869ab8cfc8db64a8151ceff43d2e,Tue Nov 21 17:49:40 2023 -0500,Mark Adams,2,Bugfix/volume change clicks (#738)
2e33dec7237dd5c2dd89e3fa0167e862d7cbf6b0,Tue Nov 21 10:26:59 2023 -0500,Mark Adams,3,Bugfix/quantize shortcut (#728)
81cb62dfb7e469ed91feaafe1d08f97edcd59b1e,Tue Nov 21 09:39:00 2023 -0500,Sean Ditny,4,Bug fix: Fix mod encoder popup value display (#725)
a802e9f238da5931e211f139e3450b44bd844c6f,Wed Nov 15 16:13:01 2023 -0500,Mark Adams,4,fix memory tests (#716)
9a2bec17c62fbb9f959e36ece5cdff4f9e290321,Sat Nov 11 21:48:37 2023 -0500,Mark Adams,5,"Revert ""Feature/fm filters (#665)"" - bad idea, changes old presets (#714)"
20d21f18f9d9c77d22d1a93ae1546167e6e60187,Fri Nov 10 00:17:26 2023 +0100,Paul Freund,3,Disable all interrupts but INTC_ID_TGI2A (#705)
e7547355b52ca6b7a68c221cce5cd7d90a2a38b1,Thu Nov 9 16:56:34 2023 -0500,Mark Adams,2,fix high resonance collapsing to mono (#703)
f7c6d449c8bdab2af073e4a340fbc2cf5c5f7bbe,Thu Nov 9 10:05:10 2023 -0500,Katherine Whitlock,4,664 Hard crash with shift+scroll in small menus (#698)
dde32f6a7307b47a3f23113a76f8ae183cefc09d,Fri Nov 3 11:20:29 2023 -0400,Sean Ditny,2,Fixed Midi Mod Encoder bugs (#678)
f668c3480354c4cbb65c1ec2dd68b8461c373c75,Fri Nov 3 10:55:23 2023 -0400,Mark Adams,3,fix memory leak in cache manager (#677)
c9c64d23ec726530ecfd469f32f6951dcedd9371,Wed Nov 1 15:09:03 2023 -0400,Mark Adams,5,Feature/fm filters (#665)
647a1182cee13959a335814e12fd8b6e04cd4502,Mon Oct 30 16:03:32 2023 +0100,Paul Freund,4,Added feature to show last return addresses on grid going into fault handler
c0e7b4c3bb2213db1c70587abed5277d75040bc0,Fri Oct 27 14:39:11 2023 -0400,Sean Ditny,2,Enable Stutter Automation (#653)
79bea14d44dc046b3398f70c1b8e814547a9904a,Sat Oct 14 09:33:25 2023 +0200,Paul Freund,4,Migrated community workflows to release
6992792976154042f7e8be5fcd968c7ba063beda,Fri Oct 13 18:15:55 2023 -0400,Mark Adams,5,Bugfix/duplicate midi clocks (#620)
8f4163a2287efd30c21baf500197539f29bdf022,Fri Oct 13 18:07:14 2023 -0400,Mark Adams,2,Remove gitmodules as unused (#621)
fa1a317e5a402a6b067fbf997c4c8e5e2d8b2b40,Fri Oct 13 16:37:10 2023 +0200,Paul Freund,3,Removed some test code and dbt format
717f3770abb2a6539fb9d41d42dc942e63d79c91,Fri Oct 13 16:34:00 2023 +0200,Paul Freund,2,Make sure we flush cache before UART DMA and align the transferred OLED image with cache line size
ca83da7a0a426c6ffc3f053855dbfbb2be808c83,Fri Oct 13 10:19:24 2023 -0400,Katherine Whitlock,4,"Revert ""Convert SIMD macros to functions (#550)"" (#617)"
d67505b63362a2dc82acf2a459ae937aaa6396db,Wed Oct 11 19:31:58 2023 +0200,Paul Freund,4,Incorporated changes according to spec from recent Renesas RZA1LU_BlinkySample that match warnings in the spec
35dae470a40cffff7a7500bba01add79c1e1ead9,Tue Oct 10 20:40:49 2023 -0700,Reed Koser,3,feat: display PIC version on version + ROOMSIZE (#604)
119404a29b0a6d06bf152b4990ce9dbd756ce550,Fri Oct 6 18:44:31 2023 -0400,m-m-adams,2,fix gain compensation
459c28843485601397c24e9f1f4f71eb65940bc4,Fri Oct 6 14:58:24 2023 -0400,m-m-adams,4,move chunkware to its own files
3fb74267c6485f83a938b2e9231be7ce6b134745,Fri Oct 6 14:46:21 2023 -0400,m-m-adams,5,change comp interface to use ints instead of floats
03f786875bf2cb58d9baead44afe0480a4db5e7f,Fri Oct 6 13:52:29 2023 -0400,m-m-adams,2,"double to float, 10 percent speedup"
d73b793f675ebfdf0eb1b7a39b3d094d2c8265c2,Wed Oct 4 04:44:08 2023 -0400,Mark Adams,4,Bugfix/synth kit e073 s001 (#588)
ac5a2356d4acce50d3cc2e53df3a5287b77ad8b8,Wed Oct 4 04:44:08 2023 -0400,Mark Adams,4,Bugfix/synth kit e073 s001 (#588)
693f872e7b427aecc18e2b442f57d7d3c802135a,Tue Oct 3 23:14:52 2023 -0400,Sean Ditny,2,Automation View: Disable mod LED's in Automation Editor (#589)
f3b2407134d76a811a0f01b8e7c15d28b1792f90,Tue Oct 3 13:00:27 2023 -0500,Jamie Fenton,4,Add timestamp functions to Debug::print. (#542)
f241289aa286930995b1d99d81d0101f23f12c68,Sun Oct 1 17:51:17 2023 -0400,m-m-adams,3,fix display mocking
1dba664839d1fb61f111eb0f3426ee204f12b381,Sun Oct 1 00:00:21 2023 -0400,m-m-adams,4,debug mode for test bin
18fb644f337eb9328058198acc72b0bcddce9432,Sat Sep 30 21:47:57 2023 -0400,m-m-adams,2,clean up non portable code
2b60844fc9fdaecd808208747bce0c2d00cdcd87,Sat Sep 30 19:44:34 2023 -0400,m-m-adams,5,working hello world tests
85aa14683288e3ff8060dc8afb06f947e4eaec31,Sat Sep 30 15:25:59 2023 -0400,m-m-adams,2,remove bin file
f7ce06372d8244a2bc2074f92b7f2945007ed310,Sat Sep 30 15:19:51 2023 -0400,m-m-adams,5,clean up files
69139d260d1ca99af89d6d57e5938b01df84e7e3,Sat Sep 30 15:14:58 2023 -0400,m-m-adams,4,nearly working tests
08e30630cc7cf042d19cc14cf185214d09ed9f3b,Sat Sep 30 14:43:04 2023 -0400,m-m-adams,2,import cleanup
c6db94d720493d5cfc57e6ebe1662ee7c35e01d2,Sat Sep 30 14:21:50 2023 -0400,m-m-adams,2,remove unused imports on memory
8f08a7e2d24ceb97b1998b117a81b46401e3f74a,Sat Sep 30 14:21:29 2023 -0400,m-m-adams,4,move usb integration tests to new folder
1cb338988a47b7de13f7171bf0ece752de54964c,Fri Sep 29 11:31:48 2023 -0400,m-m-adams,2,refactor mpe and channel check to its own function
d5aa850a9cbff3b9d7e33f79084d173ea8755c9f,Sun Sep 24 23:37:52 2023 +0200,Paul Freund,3,Bugfix/frunk (#570)
c3e3749f48a2c9efb4325e3de517c6b01234162b,Sat Sep 23 21:25:07 2023 -0400,Mark Adams,2,Restore usb midi functionality (#569)
c533ee9962cddace9d91611c64f9b66c633c72f4,Fri Sep 22 16:35:01 2023 +0200,Paul Freund,3,Use system method for enable/disable IRQ with memory barrier and make sure we don't disable interrupts processing in audio routine if coming from an interrupt
080d1b8b1f7f0d032217c34f9d856c9325271d5e,Thu Sep 21 20:47:45 2023 +0200,Paul Freund,2,dbt format and some more commenting
4ee106a39630c73e2d486039d821d6e97111becb,Thu Sep 21 19:22:13 2023 +0200,Paul Freund,2,Move runtime feature settings into SDRAM (5k)
ed8fa5437587434a12e16de874e52a1964f0d5be,Thu Sep 21 18:57:47 2023 +0200,Paul Freund,2,"Move data up, noload and helpful comments"
ce5d67aeeee591b97c559731b838bbc759e6ef50,Thu Sep 21 16:12:57 2023 +0200,Paul Freund,4,Fix flash loading
ccf117bb7222964e60a133663f843c4b7ddd1bdc,Wed Sep 20 21:43:32 2023 +0200,Paul Freund,2,dbt format and additional comment
0da30f59b5b0dff6eefa2b6e65850405d40ce5d1,Wed Sep 20 21:31:14 2023 +0200,Paul Freund,4,Packed frunk full of data
7498bc23db471b925767c225ffc1a40a972df403,Wed Sep 20 20:52:28 2023 +0200,Paul Freund,2,Added frunk area
c614b5978fa708ffeae4e112768b5175ecf43c3f,Wed Sep 20 16:44:07 2023 +0200,Paul Freund,3,Added relocated sdram data section
0bcdd2da12b169e42aec1146d9f1b34b86801162,Wed Sep 20 16:27:56 2023 +0200,Paul Freund,4,Allow placing BSS and TEXT in SDRAM
c9cfbb2a5be96f140512245ab4fef4cee2371a50,Tue Sep 19 16:08:00 2023 +0200,Paul Freund,2,Add output of compilation size and nmdump containing a list of all symbol sizes
a5d231006891060979f7710d7c9958913b72c79f,Tue Sep 19 16:06:18 2023 +0200,Paul Freund,2,Make sure getRegion always returns the right region or freezes
51c91955949749e0e72854b710a92e4cc6d21349,Mon Sep 18 21:45:11 2023 -0400,Katherine Whitlock,4,Convert SIMD macros to functions (#550)
2cc4b8ba71e47fddfff0b3512ce0c64da7aabf7f,Thu Sep 14 18:58:11 2023 -0400,m-m-adams,2,unassign reasons before assigning new ones from starting playback
22bcb6030a88d376d3c424894fb4ab1291960c3f,Wed Sep 13 17:53:27 2023 -0400,m-m-adams,3,fix extend possibly changing stealable type
19f97fd51b54935ff5024bbe4e79ea363e6e3fe3,Mon Sep 11 19:41:44 2023 -0400,m-m-adams,4,sequentiality test for multi word ordered arrays
dab9e3c86fc29cb37477d31b235480d2465db169,Sun Sep 10 13:27:16 2023 -0400,m-m-adams,2,fix memory leak in load synth to kit row
e1e9231ae6440e90b76596871ca393157c400639,Fri Sep 8 19:26:43 2023 -0400,m-m-adams,4,More robust gma detection
206b972368e27a5c134f24a8fc5b0f478e03bc9d,Tue Sep 12 11:48:13 2023 -0400,m-m-adams,2,bypass effects if clip is not active
4a85cbd346fe1aaf10ea2f8cb647f517051c006a,Sat Sep 2 10:53:09 2023 -0400,m-m-adams,5,remove unnecessary function parameter
4909a5308c79cd602c4a9f9eddab7a5c2f08659b,Fri Sep 1 15:48:06 2023 +0200,Paul Freund,4,"Full featured audio clip copy, fix audio source selection"
4830a7f0c30963932067e401dc0cd68f22ce77d5,Thu Aug 31 11:08:54 2023 +0200,bfredl,2,fix(sysex): fix ENABLE_SYSEX_LOAD not taking effect
6118f2adac0ff0a0bd6236e32e0839ce6ba94bdc,Tue Aug 29 21:47:42 2023 -0400,m-m-adams,4,enable audio output cloning for continuous layering
150d2079c4187d5ebaf44c1cca5135b2f73151c6,Mon Aug 28 23:53:51 2023 -0700,Reed Koser,2,chore: fix ODR violations (#469)
dbaa84209d7edf7079366871e8933a98635805d1,Mon Aug 28 23:42:46 2023 +0200,Paul Freund,3,Fixes #437 (#464)
8c38b5beb9bec488cb371925e9433006e002c751,Mon Aug 28 12:03:19 2023 -0400,seangoodvibes,2,Updated threshold to 5
2ab008b4fc51180ab654c0d82ae1982739d86bbc,Sun Aug 27 22:44:14 2023 -0400,Sean Ditny,3,Automation view: hold open selection mode value popup
9f7cbdd19c37c8ee2da863138c7b3edd9bb92306,Sun Aug 27 22:32:15 2023 -0400,seangoodvibes,2,Adjust threshold for midi knob sync
ac1002eaec7d23a6e5188ffc0d9236252f040b29,Sun Aug 27 20:08:03 2023 -0400,Mark Adams,2,fix crash while loading synth to kit row (#460)
6c29fb40e102b801c6b544d8b98e9c850d646f81,Sun Aug 27 17:18:53 2023 -0400,Sean Ditny,2,Automation view: handle very rapid region entry
0393e38013e505c3d48eeafe1f9a0721a9dfba22,Sun Aug 27 17:15:25 2023 -0400,Sean Ditny,2,Fixed pop up issues identified by @trappar (#456)
0e1ff64c4524985415a367ef55b2329bc2f75b54,Sun Aug 27 19:49:38 2023 +0200,Paul Freund,4,Move .md files to docs folder and add passage about stale PRs (#459)
ba790fb1a13f54704da093024b0807ee0c07d0a1,Sun Aug 27 11:43:38 2023 +0200,Paul Freund,2,Fix #413 scroll not invalidating grid selection
d56dfaafef41fec418fde441889d5ac40e052756,Sat Aug 26 01:30:19 2023 -0400,Mark Adams,5,Bugfixes for fill mode (#450)
f47aba1c7d5c407d44fbd34a9ff9b70f4ae5a520,Fri Aug 25 15:50:18 2023 -0400,m-m-adams,3,remove unused svf string
f421337a7faa31424db67fb94a2b40c04a8bf6aa,Fri Aug 25 21:34:39 2023 +0200,Paul Freund,2,Allow Norns layout to display incoming notes without learning the input and make highlight incoming notes default behavior to get user feedback (#389)
66ce2155f7331bdc95be3e1160e0e3e6e2e5d515,Sat Aug 26 04:12:47 2023 +0900,Alter,3,Master compressor in Arranger view (#420)
931e193c4c1ea0688efe198a7935550e3e937059,Fri Aug 25 15:09:41 2023 -0400,Sean Ditny,3,Automation View: Resolve Issue #411 : Pad selection mode enhancement to switch between short and long presses (#415)
d8c01b238331bcb1bb2f2031c2f124d4c4351202,Thu Aug 24 16:45:19 2023 +0200,Paul Freund,2,Update issue template to be a form and removed checkboxes so it is no longer a task list (#430)
d3171ebd549abb220505a5f74cf5235658075743,Thu Aug 24 05:02:03 2023 -0400,Katherine Whitlock,3,"Fix some appearances of ""DISABLED"" in menus where it should be ""OFF"" (#423)"
8cb1f029e7eec94b1c8241948ef39c96800d3a85,Wed Aug 23 17:56:25 2023 -0700,Dan Weaver,4,Fill mode fixes (#399)
9f179c768efbd89ade1c762ce08841929380c432,Wed Aug 23 20:44:34 2023 -0400,Sean Ditny,2,Fixed clip button blinking in Audio Clip View (#397)
51d5dd49b39b72e5edff90950088c13cff245883,Tue Aug 22 16:34:35 2023 +0200,Paul Freund,2,Temporarily redirect nightly builds to release branch (#404)
6c97b8455a8e4c848a0bad8db011bc86e13702ef,Tue Aug 22 08:51:17 2023 -0400,m-m-adams,5,reset loading synth to kit row
eff4456541f2de0b4b7f6667cb05683c95ceef36,Mon Aug 21 23:01:49 2023 -0400,Sean Ditny,3,Fixed Automation Editor Popup Issues when Loading/Saving (#396)
d85788f91aed7b52f7779c5bde96cbf9544ac4c2,Sun Aug 20 16:41:25 2023 -0400,Mark Adams,2,update debug configs for linux (#366)
5682dcbc38b469d4cc86530b8669cec22d79f996,Sat Aug 19 20:53:06 2023 -0400,Sean Ditny,5,[Ready to Merge] Automation View: Long press bug fixes + Pad selection mode (#360)
edc084954da9742f5cd23ff77fabc53e9dcb07b3,Sat Aug 19 17:33:26 2023 -0400,Mark Adams,5,note row probability (#368)
54f2c44e5d76f60d03a0b143e0468eba736f8cd9,Thu Aug 17 12:18:46 2023 -0700,Reed Koser,2,WIP: GeneralMemoryAllocator pretty-printer (#351)
935cebfb36a0768341c66f62ac5bc2733f7d47f6,Thu Aug 17 15:02:56 2023 -0400,Sean Ditny,5,[Ready to Merge] Automation View: Add new parameters (#347)
d01de3704b2a28a0896f0aae31d441a4978303e7,Tue Aug 15 15:34:37 2023 -0400,Katherine Whitlock,2,Fix options menu indexing and item addition for MIDI devices (#344)
902fb0b915749de5388e52c525ba3c097334722c,Mon Aug 14 10:22:08 2023 -0700,Dan Weaver,2,Feature: Waveform loop lock (#293)
6111ce1d979c8104404992a9a1c7736a668e6c7c,Mon Aug 14 12:58:11 2023 -0400,Mark Adams,2,print used bytes in stack as well as free (#345)
453a13b9946f404caf76d27dc1259e9a7efd9285,Mon Aug 14 12:57:39 2023 -0400,Mark Adams,2,add relwithdebinfo tasks for 7seg (#340)
305a25d379cbf6bf9c91812befe77f10dc4daf7b,Fri Aug 11 21:23:00 2023 +0200,Paul Freund,4,Bugfix/keyboard fixes (#337)
c4a55bf3f96f20cdfef1411abd81295410089db1,Fri Aug 11 00:33:36 2023 -0700,Reed Koser,2,automation: fix param cloning (#335)
4a5ee04064d076988aa20750f084632f3843ac3b,Thu Aug 10 18:30:35 2023 +0200,Paul Freund,2,Fix for preset browsing freeze/crash (#330)
f37f40d6dc6422d8525add5f7e21808080c3fa01,Wed Aug 9 10:58:06 2023 -0400,Mark Adams,3,fix 1/(1+tan(f)) result getting set to the wrong variable in LP Ladders (#329)
0d4c9f5463c2236b54cfd120fc5e0937f96d2431,Mon Aug 7 17:30:15 2023 -0400,Katherine Whitlock,5,Add nightly builds to github actions
c95a27cee4c044f7bc9ab7e05ca953eb7cb07f0c,Mon Aug 7 14:28:16 2023 -0700,Reed Koser,3,ub: Remove illegal FAM from ParamSet (#299)
b2c9ccb9540725fe02caf89b5104eb3198d12744,Sun Aug 6 00:38:57 2023 -0400,Mark Adams,4,Define relwithdebinfo target (#306)
d1596e7fb9d1a9192b174b7622f8ac621543e40f,Tue Aug 1 12:43:18 2023 -0700,Reed Koser,5,pages: also collect artifacts for PRs (#279)
a6907464459531269c9ae2f0a2d9dc644435ad16,Mon Jul 31 14:39:43 2023 -0400,Mark Adams,2,Save empty song UI (#267)
2040945313dd6e16f1d979e907d4c2f52f9ce6d4,Mon Jul 31 14:23:51 2023 -0400,Mark Adams,2,Fix bipolar display of pan (#270)
fec392f06785220a4090fdf62d4387fc78df2808,Mon Jul 31 11:03:49 2023 -0700,Reed Koser,2,tasks: add check mode to format task (#273)
293c6a6c685d306bcd148b80fd164fe957ce6665,Mon Jul 31 10:55:19 2023 -0700,Reed Koser,3,workflows: run less often (#272)
63d171fc0cb70143fb3a26ec43c440a9e848107c,Sun Jul 30 20:03:35 2023 -0400,Mark Adams,3,UX guidelines (#222)
fa9ab59392b09edb2ce2b78fc35ee822eb16010d,Sun Jul 30 11:31:53 2023 -0400,Mark Adams,5,Improve 7seg text scroll and edit behaviour (#254)
0bfb12d2e9512d1d0d341d2835651bd5c743d08f,Wed Jul 26 14:55:25 2023 -0400,Mark Adams,3,"Bugfix mpe kit handling of CCs, pitch bend, and aftertouch (#236)"
841df52fc9af30ee25a540f4b678d7f75c5115ca,Wed Jul 26 20:54:35 2023 +0200,Raúl Muñoz,5,Batch delete all “unused” kit rows (the ones with no notes) (#234)
c11452544389354142f8c7b2ede6f9fc62e45071,Sat Jul 22 13:33:28 2023 -0400,Mark Adams,3,Fix for i008 in latest community (#228)
6b170910fc81f58368ff5fd697e38dc2da9c743c,Fri Jul 21 15:12:04 2023 -0700,Dan Weaver,4,Catch Notes setting to allow not catching existing notes. (#221)
fd4d8815b99b87844441b5b7c955d625aa3871bb,Wed Jul 19 11:51:42 2023 -0400,Mark Adams,3,Svf fixes (#212)
0291ad3d9beafd4914e79c68991d3cc0dd782153,Wed Jul 19 11:42:48 2023 -0400,Mark Adams,3,Fix for missing menu items on 7seg (#213)
30025510541d081b2e7b09e0e50c89d7555220d2,Mon Jul 17 13:29:55 2023 -0400,Katherine Whitlock,2,Add generic container specializations (#202)
86b4d095800b821986a9ba9cca80532d091eebee,Tue Jul 18 02:18:32 2023 +0900,Alter,3,Fix MasterCompressor by considering masterVolumeAdjustment value (#200)
4650415eb1440994ebba92ccca79eaa4b6bce9cd,Mon Jul 17 19:17:01 2023 +0200,Paul Freund,3,Emit linker error if someone tries to use allocating new (#199)
678df4fe309140b8a3806b9897907db1f5534058,Tue Jul 18 02:07:10 2023 +0900,Alter,3,Manual slicing (#198)
7efd75454bcd40f8c52bbfc4df69107fd9084520,Fri Jul 14 13:40:05 2023 -0400,Katherine Whitlock,2,C++ Allocator-compliant allocator and string (#194)
28d69cbb6b65cf137ddb09e2e8f3e8838188fd97,Wed Jul 12 19:27:59 2023 +0200,Queroland,2,Change row color in session View #enhancement (#163)
aed9cf5f315e9684f6122e290d03e9a439b84809,Wed Jul 12 13:22:42 2023 -0400,suivaht,4,Fine tempo knob (#178)
07238b072989db6ee39c76ebe974b68cfcf40873,Mon Jul 10 11:54:35 2023 -0700,Casey Tucker,2,add .clang-format-ignore support to task-format (#175)
d999112dbad93daf161e41502861f0b6f640586c,Thu Jul 6 17:44:34 2023 -0700,Reed Koser,4,remove straggling index-based button access (#167)
bb8428579793b84f44385557c7d92dfbce7e4aa9,Thu Jul 6 15:11:32 2023 -0700,Jeff Way,2,Add names to CI workflows (#165)
c27ef4f72a14f993532d60e6f96b57744de73443,Thu Jul 6 13:23:18 2023 -0700,bobtwinkles,2,workflows: add merge queue triggers
c88425f961da4e11eb13cb667922a0ec43fe1afc,Thu Jul 6 12:00:40 2023 -0600,Aria Burrell,3,Small refactoring of openocd and gdb targeting.
bf18ef024dc06ca4c3d41da7094cbe43a2309ae0,Thu Jul 6 11:58:37 2023 -0600,Aria Burrell,3,Fixed bugs and refactored targeting.
e7fac2385e711ee04561d616d538724f03cd1bed,Thu Jul 6 10:55:51 2023 -0700,Casey Tucker,2,search/replace .*Button[XY] after community merge
d70902bbfbf09fe52cf772fb1fd14e77d93280b4,Thu Jul 6 01:13:22 2023 -0700,Casey Tucker,5,const button now constexpr enum
872b58b93303f0da04e43ac540cb9eadcc1cdf71,Thu Jul 6 12:48:14 2023 +0900,Alter,2,Applied clang-format
46ec4ed8ea58b6c47b074a84d015bba6353467ba,Thu Jul 6 12:37:49 2023 +0900,Alter,4,Fixed build error and applied clang-format (MasterCompressor)
9ab84a63038ae141432eaca41431f418fb0c6cee,Wed Jul 5 17:54:44 2023 -0700,bobtwinkles,2,chore: fix style change after merge ordering issues
0d52012c8c1705223c4d18caedc8d906f310148a,Mon Jul 3 22:18:15 2023 +0200,Tobias Pisani,2,"Disallow shiftHorizontally in more cases, stop audio while changing values"
77cf3d0bbabfba1417bce5746257d185ddab8cd7,Mon Jul 3 18:50:24 2023 +0200,Tobias Pisani,5,Implement Horizontal shift for audio clips
469c8f0f9651be3abcd3036e28d0d45a4c7f83b0,Wed Jul 5 01:14:19 2023 -0700,Casey Tucker,5,refactor uart to button/pad logic
11f0affbae9ad6676be8564a854f72dda8dafe64,Wed Jul 5 12:12:25 2023 +0900,Alter,3,Changed the UI to use the tempo knob
c267259b1b39feef490316a5de74153a9579b84e,Tue Jul 4 18:04:21 2023 -0400,Katherine Whitlock,2,Remove temp.h (refactoring artifact)
d2d87dcf52bcb2735143021a7a858fa8e7924750,Tue Jul 4 17:55:46 2023 -0400,Katherine Whitlock,3,Final little bits
d39301e178a989f2cda0653deda9002c5bec639c,Tue Jul 4 11:52:31 2023 -0400,Katherine Whitlock,4,Fix bug found by @bfredl
0175c42168f5529c1bb16f3c347c573886dfae8a,Mon Jul 3 23:17:27 2023 -0400,Katherine Whitlock,4,Apply formatting patch
1c228ffbd806724bb679cd0935793d370ce74fc4,Mon Jul 3 15:59:01 2023 -0400,Katherine Whitlock,2,Add format task
7b4d86f9522c7e2d23947110b0e1238fc8aafd00,Mon Jul 3 14:53:05 2023 -0400,Katherine Whitlock,2,add base clang-tidy and clangd configurations
91eb4043b634201795232f5145b7aad494b21a5d,Mon Jul 3 13:34:33 2023 -0400,Katherine Whitlock,3,Add Debug task
5fdd46531f8f2bb64d3367613fadd44c40b1f2e3,Mon Jul 3 12:04:00 2023 -0400,Katherine Whitlock,3,fix infinite recursion
4a47f3687cf1e7942d7d9b5c3941f4e5951c0a17,Mon Jul 3 06:54:38 2023 -0600,Aria Burrell,4,Version string variable substitution.
3353431af057784fbbb8ad83e2eda338e71d7b48,Mon Jul 3 06:06:43 2023 -0600,Aria Burrell,3,Cleaned up git wheel installation routine.
98585eb6b3dd1e240f8f53999f7bc8e658ca7bfc,Thu Jun 8 16:26:10 2023 +0200,bfredl,5,midi: initial support for sysEX messages
d908c27449d7cd8893453063f2d113f282302e84,Mon Jul 3 10:41:38 2023 +0900,Alter,2,Master Compressor
227c993a64fb5bbda9c3ce84089cee74946a53eb,Sat Jul 1 13:30:07 2023 +0200,Paul Freund,2,Incorporated feedback from first community call
83afefb74158b1a1b3391fd9381855805939ff21,Sat Jul 1 10:57:09 2023 +0900,Alter,3,Quantize
62dc09560074747dd7c32938e4f721b87253363e,Sat Jul 1 01:16:09 2023 +0200,Paul Freund,3,Fixed scrolling issues and memory issues of main menu
ec5b906b31fa080510152e79b71e78211a08f881,Sat Jul 1 01:14:06 2023 +0900,Alter,2,Add to the Community Settings menu.
97097f5a59bf4b18518f12e3ab2f347215943626,Thu Jun 29 23:50:18 2023 -0400,m-m-adams,3,review from bobtwinkles
f38e541dee7158390e99ad17cbb6fd40ffb2f832,Thu Jun 29 22:36:31 2023 -0400,m-m-adams,2,fix for devices with more ports than deluge supports
1698d9788a163dfe0a9ada5a04922ab4661e2286,Thu Jun 29 18:31:13 2023 -0400,m-m-adams,2,format fixes
16913be7d39aeb46a28c59367af6bed0c7f606e1,Thu Jun 29 18:20:40 2023 -0400,m-m-adams,4,remove magic number for default velocity
079b79b00b06b86e0562ed20332bf9f01573f605,Fri Jun 30 03:28:47 2023 +0900,Alter,3,Applied clang-format14
6145cdf0c4d844e881fede0b7952b6616bc67f88,Sun Jun 11 13:30:21 2023 +0200,bfredl,5,rebase drum keyboard onto multiple offset changes
638a66ab8e8bbe30847e4a0f3155ca687e075d98,Fri Jun 30 03:28:47 2023 +0900,Alter,3,Applied clang-format14
ef3223e25d0adb5b28f57e5ceeb30a4fe0e0305c,Fri Jun 30 06:19:30 2023 +1200,Rohan Hill,2,Fixed issue #99 - text editing / scrolling issue on numeric.
558d738ba4d66cb445d15a27a1aae28c2d885709,Tue Jun 27 19:45:59 2023 -0400,m-m-adams,4,clang-format fork files
5fbca4c0277ee8c33eb091548a0d9c5d1606d402,Sat Jun 10 18:42:35 2023 +0900,Alter,4,DrumKeyboardScreen
ada7fdd14d69ca4633ef3245f795ded17db0128c,Sun Jun 11 13:30:21 2023 +0200,bfredl,5,keyboardScreen: support multiple note layouts
e3ddb0c86077c3937224254fd1f5bcc37c499b59,Thu Jun 29 02:48:41 2023 +1200,Rohan Hill,2,"Fixed - saving a new song on numeric, starting typing would have you typing after the default song number, which you'd want to get rid of if you were typing."
bf69a910c3354df4a5e5ff0b15c14eff2172a83f,Wed Jun 28 08:16:38 2023 -0400,Katherine Whitlock,3,Global init for MIDIDeviceManager
8019a101311a7d9a5850c4541cea9d785ee63556,Wed Jun 28 12:03:29 2023 +0200,Paul Freund,2,Added recommended extensions and very basic fallback settings for text file format
98f61ecb989f3b582b22d2a0c7e51d745f253c36,Sun Jun 25 12:00:19 2023 -0400,m-m-adams,2,improve resonance volume compensation
e247fbc2c87fdf5eb113e74e1998a9ac994bc2c2,Sun Jun 25 01:27:15 2023 -0400,m-m-adams,3,clang format and fix resonance level adjustment
0647212aa5e99223b5aee2aa9c4756e052e4d3a4,Fri Jun 23 15:14:50 2023 -0700,bobtwinkles,4,toolchain: single source of truth for required version
6db55fdfa6d66bbcbc32b89d99f9724d965b1121,Fri Jun 23 15:46:48 2023 +0200,Paul Freund,2,Incorporated additional feedback
4edcb09442478b469db6936dec983219ed188f27,Thu Jun 22 01:47:16 2023 -0700,bobtwinkles,3,chore: fix undef function warnings in sd code
e106a68d024a65e506f91245f34e8c926c33b11f,Thu Jun 22 00:06:07 2023 -0600,Aria Burrell,2,DBT-Toolchain 8
7c3f5f1f33d5e285bf72f86deb4d53ba71350edb,Tue Jun 20 23:54:14 2023 -0700,bobtwinkles,3,chore: fix -Wdiscard-qualifiers warning
35076003913f51e04b2f9367979092c95820b48e,Tue Jun 20 23:28:03 2023 -0700,bobtwinkles,2,chore: fix Wattributes warning
c1a5deceb93c2efe3ad50de186f305ea0988e1c3,Tue Jun 20 22:18:26 2023 -0700,bobtwinkles,5,chore: fix -Wwrite-string
ae8689f46ff335a370cadbeea69a30c366e430c2,Tue Jun 20 21:55:32 2023 -0700,bobtwinkles,3,chore: delete unused Instrument::getFilePrefix
684a4b500d9e41097033f1aa0e6c2d1327e54be0,Tue Jun 20 11:08:51 2023 -0600,Aria Burrell,3,"Set up compile_commands.json to be stored in build dir. - Particular commands for the specific build. - Set paths to be absolute for now, until I can finish the symlink builder."
68c1185ca36a73cf47a9ccad7a04170152b91601,Tue Jun 20 02:59:27 2023 -0600,Aria Burrell,2,Multi-targeting is go.
f90b5061e9f104fc67fe7f807deccd32adf1393a,Tue Jun 20 01:57:53 2023 -0600,Aria Burrell,3,Multi-target support
297528493c5b1d3344c9ada32c1a5037b9de157b,Tue Jun 20 00:45:48 2023 -0600,Aria Burrell,3,"DBT fixes, enhancements. - Added .siz file to outputs - Touched .map file as builder action so it gets cleaned with the other files. - Modularized configuration a bit more by shifting logic to .scons files."
91197725beee930dc92623f3dc8fd319eb9c52bb,Tue Jun 20 22:00:22 2023 +0200,Paul Freund,2,Finished feature
beb78eec40e332d7120135c771808cf5e71dcfc9,Mon Jun 19 22:39:27 2023 -0700,bobtwinkles,2,workflows: limit branch runs
b596c9f0b7f9c54782e52f0f5f6f835b64ebddb3,Mon Jun 19 21:37:16 2023 -0700,bobtwinkles,2,build: generate compile_commands.json
2192c8008180bac82c045c4550f29a98f07d4376,Sun Jun 18 19:04:51 2023 -0600,Aria Burrell,2,"Some ""fixes"" for Linux oversights."
6edf257234158de0bda26d1aace8355efb870bb9,Sun Jun 18 17:19:37 2023 -0600,Aria Burrell,4,Changes made to support win32. Building works.
56857676d88d4ad2b1d7430256b0b476494842c3,Thu Jun 15 19:28:25 2023 -0400,m-m-adams,3,address remaining comments
53b5111bfaad6158a30fd0497f05e983f40fe0b7,Wed Jun 14 20:11:16 2023 -0400,m-m-adams,3,minor cleanup changes for clarity
d412ce276f47e81152d3a4c28082796600d739aa,Wed Jun 14 18:37:27 2023 -0400,m-m-adams,2,differentiate input and output ports on send and receive. Feature complete for upstream
36c6486e1693911c57561dc4c0a980f5e91e92ff,Wed Jun 14 17:27:23 2023 -0400,m-m-adams,3,"change connectedUSBMIDIDevice USBMIDIDevice value to an array of 4, change remaining code to handle IO to array instead of single device"
3776c5b865c1aaac5a1e36bb51a709a8371a957a,Mon Jun 12 22:45:19 2023 -0400,m-m-adams,3,comments on potential spots to differentiate midi cables
ce0f8c4a02359498534fbc19650de9b1c8d10a8a,Mon Jun 12 21:09:53 2023 -0400,m-m-adams,5,remove pyc files and add to gitignore
f6ce59b8b29669ffd28b8e7c58fad015f2b86c13,Mon Jun 12 21:08:15 2023 -0400,m-m-adams,4,handraulic python file to help test midi ports
ebdc5d02162fcf05e2beb416b259cbe44cf8eb35,Mon Jun 12 12:01:45 2023 -0400,m-m-adams,2,enable usb HS to increase bandwidth for future expansion
5bcf798065d8b2d3cd94ceab404cd62467e9e03e,Sat Jun 17 16:09:06 2023 -0700,bobtwinkles,2,doc: pinmap: fix pin swap in SSI0
64413e779bce54757daf46232f6233cdb724f8fc,Sat Jun 17 04:29:05 2023 -0700,bobtwinkles,2,doc: adjust pinmap viewbox
4f6455abb0ab8c9ec102a0b27f542194b82bab2b,Sat Jun 17 04:24:42 2023 -0700,bobtwinkles,2,doc: adjust ssi0 endpoint
77d603aece2ff688f671b7ff44c42890ef0eeb6d,Thu Jun 15 02:12:33 2023 -0700,bobtwinkles,3,doc: add pinmap diagram
c3d6443b6b527a9370496b65f96d5d787ea812dd,Sun Jun 18 19:04:51 2023 -0600,Aria Burrell,2,"Some ""fixes"" for Linux oversights."
287815863174579093e443fc7f32fe7d508b5466,Sun Jun 18 17:19:37 2023 -0600,Aria Burrell,4,Changes made to support win32. Building works.
ee8feee2df26cba0e6ae7ed5df4f91898b471c3a,Sun Jun 18 22:41:18 2023 +0200,Paul Freund,4,Added stubs for reading and writing code
1682d9949cc0a4d260e566318afec3904ce76453,Sun Jun 18 13:16:15 2023 +0200,Philipp Falk,2,modifications to rwalk lfo resetting and bias
36b4fae1657b4033828021afcce45002c3123686,Tue Jun 13 21:39:29 2023 +0200,Philipp Falk,4,make delay sync work with new sync types
c5481e49667fa334e027707d176ebeb4bca2bd2e,Tue Jun 13 21:35:45 2023 +0200,Philipp Falk,5,make arp sync work with new sync types
919d7ab51868a96363978b2fe824bfbc284f8963,Tue Jun 13 21:59:54 2023 +0200,Philipp Falk,3,make global LFO work with new sync types
8fc691eafefcbef8c31a30356761a9b21c4aa363,Tue Jun 13 21:56:39 2023 +0200,Philipp Falk,5,add sample&hold and random walk lfos
18a06c6c53301cfd9d82efd350dafdd963098423,Sat Jun 17 16:09:06 2023 -0700,bobtwinkles,2,doc: pinmap: fix pin swap in SSI0
6d1d7f96801c41bd15375fbf72fe117e2e44cf77,Sat Jun 17 23:26:35 2023 +0200,Paul Freund,2,Added stubs for CODEOWNERS and CommunityFeatures.md
d62ca231a587e5f066b0549015569bc1005ee0a4,Wed Jun 7 00:21:22 2023 +0200,bfredl,2,SoundEditor: change patch cable strength resolution from +/- 50 to +/- 50.00
ec6b6fac8d4818c1db871c80cd94a9ba0c2bfc8f,Sat Jun 17 04:29:05 2023 -0700,bobtwinkles,2,doc: adjust pinmap viewbox
3a54d845e00daeeaeddcd015eed7f340d84f750f,Sat Jun 17 04:24:42 2023 -0700,bobtwinkles,2,doc: adjust ssi0 endpoint
e418bdecab73c9b5fc6176b0c428aa83954e9ddf,Thu Jun 15 02:12:33 2023 -0700,bobtwinkles,3,doc: add pinmap diagram
ba98cb5d2304319b1a7e816ff7de20dcf5bdb8f8,Thu Jun 15 15:38:45 2023 +0200,Paul Freund,2,Updated Contributing with feedback recieved and wrote most of Governance. Ownership is not complete yet.
4d95b5932cc7910e28a8117fbc8683be97991bbb,Mon Jun 12 08:02:42 2023 -0600,Aria Burrell,2,Updates to CONTRIBUTING and GOVERNANCE files as suggested.
55a010029d39075a6255d63eab88315a8c85f047,Sat Jun 10 18:24:37 2023 -0600,Aria Burrell,2,Disabled RTT in OpenOCD
9a301dd4d2c173da0db85f71338f6ccd682a1612,Fri Jun 9 06:39:58 2023 -0600,Aria Burrell,3,"Starting point for CODE_OF_CONDUCT, CONTRIBUTING, and FUNDING."
97011413eb70dc50edaabc23041a9c300d0d1538,Thu Jun 8 15:54:06 2023 -0600,Aria Burrell,3,Added launch files for ESP-PROG / FTDI JTAG.
de1c741de02db1acf6bad4047de90d7d5661fa05,Thu Jun 8 15:21:09 2023 -0600,Aria Burrell,2,JTAG debugging and more
e4251c30d13b03ad52717a986dace23839b90bf5,Thu Jun 8 15:50:59 2023 -0400,m-m-adams,2,comments on midi control flow into clips
b00e9e229cc0598930d00d74bfca1bf2903ad44e,Thu Jun 8 14:57:21 2023 -0400,m-m-adams,2,ifndef guard text output and add to preprocessor
edbe4a49cc7c12a06d926b2e99c495d15055c422,Thu Jun 8 14:08:57 2023 -0400,m-m-adams,2,comments clarifying learnt midi selection in kit
785e1b8be61adfebf0dcc99291dd850d12f70c6c,Tue Jun 6 12:03:28 2023 -0400,Mark A,4,swap all backslashes for forward slashes
6eae23f8b06cd39f69e761d54d5bd5b45cff3d12,Sun Jun 4 23:58:23 2023 -0600,Aria Burrell,5,Completed DIY Hardware Guide
2f6a1584c29036d8f7ca58a880146b1004dd8abc,Mon Jun 5 10:30:35 2023 +1200,Rohan Hill,2,V4.1.4-alpha3
07f25be36e087ac839481e204974bd086bcb1379,Thu Jun 1 12:27:04 2023 -0600,Aria Burrell,4,Added DelugeProbe section to guide.
cb596fc2e31ad1be3a047287d086246e0615b300,Thu Jun 1 23:07:26 2023 +1200,Rohan Hill,2,Bug hunting notes
1a8852e49b256f3c6781b566f16eb2bf19c09cb5,Tue May 9 01:21:01 2023 +1200,Rohan Hill,4,Fixed problems accidentally introduced while improving filter code readability. Also problem with launch config.
cb7ebe05c41c15e2de2db1823aeaeab930a48c3a,Mon May 8 23:47:15 2023 +1200,Rohan Hill,2,Minor comments and license notice
